timestamp,data
2024-04-27 17:17:33.398040,"{'face': {'warning': 'No faces detected.', 'code': 'W0103'}}"
2024-04-27 17:17:35.012208,"{'face': {'predictions': [{'frame': 0, 'time': None, 'bbox': {'x': 408.0302734375, 'y': 341.7689514160156, 'w': 241.75579833984375, 'h': 308.9881286621094}, 'prob': 0.9999964237213135, 'face_id': 'face_0', 'emotions': [{'name': 'Admiration', 'score': 0.1517539769411087}, {'name': 'Adoration', 'score': 0.10559748858213425}, {'name': 'Aesthetic Appreciation', 'score': 0.09378474950790405}, {'name': 'Amusement', 'score': 0.2027531862258911}, {'name': 'Anger', 'score': 0.03263143077492714}, {'name': 'Anxiety', 'score': 0.12206240743398666}, {'name': 'Awe', 'score': 0.1738891452550888}, {'name': 'Awkwardness', 'score': 0.17162945866584778}, {'name': 'Boredom', 'score': 0.28448036313056946}, {'name': 'Calmness', 'score': 0.26614490151405334}, {'name': 'Concentration', 'score': 0.5020623207092285}, {'name': 'Contemplation', 'score': 0.3627653419971466}, {'name': 'Confusion', 'score': 0.4588291347026825}, {'name': 'Contempt', 'score': 0.10326456278562546}, {'name': 'Contentment', 'score': 0.0978580191731453}, {'name': 'Craving', 'score': 0.14680667221546173}, {'name': 'Determination', 'score': 0.12766613066196442}, {'name': 'Disappointment', 'score': 0.1440114676952362}, {'name': 'Disgust', 'score': 0.04481705650687218}, {'name': 'Distress', 'score': 0.12348220497369766}, {'name': 'Doubt', 'score': 0.34653738141059875}, {'name': 'Ecstasy', 'score': 0.05796727165579796}, {'name': 'Embarrassment', 'score': 0.0613991916179657}, {'name': 'Empathic Pain', 'score': 0.04144221171736717}, {'name': 'Entrancement', 'score': 0.18437618017196655}, {'name': 'Envy', 'score': 0.04248060658574104}, {'name': 'Excitement', 'score': 0.12350119650363922}, {'name': 'Fear', 'score': 0.08744517713785172}, {'name': 'Guilt', 'score': 0.04706200957298279}, {'name': 'Horror', 'score': 0.04480299726128578}, {'name': 'Interest', 'score': 0.4884204864501953}, {'name': 'Joy', 'score': 0.10557781904935837}, {'name': 'Love', 'score': 0.11386261135339737}, {'name': 'Nostalgia', 'score': 0.059947218745946884}, {'name': 'Pain', 'score': 0.0500686913728714}, {'name': 'Pride', 'score': 0.05389956757426262}, {'name': 'Realization', 'score': 0.22230131924152374}, {'name': 'Relief', 'score': 0.07011053711175919}, {'name': 'Romance', 'score': 0.08703432977199554}, {'name': 'Sadness', 'score': 0.07683742046356201}, {'name': 'Satisfaction', 'score': 0.1481340229511261}, {'name': 'Desire', 'score': 0.241427943110466}, {'name': 'Shame', 'score': 0.03808540850877762}, {'name': 'Surprise (negative)', 'score': 0.06467635184526443}, {'name': 'Surprise (positive)', 'score': 0.07867014408111572}, {'name': 'Sympathy', 'score': 0.04544955492019653}, {'name': 'Tiredness', 'score': 0.14210878312587738}, {'name': 'Triumph', 'score': 0.037521250545978546}]}]}}"
2024-04-27 17:17:36.743603,"{'face': {'predictions': [{'frame': 0, 'time': None, 'bbox': {'x': 429.4831848144531, 'y': 339.35626220703125, 'w': 232.67532348632812, 'h': 293.03533935546875}, 'prob': 0.9999992847442627, 'face_id': 'face_0', 'emotions': [{'name': 'Admiration', 'score': 0.17771533131599426}, {'name': 'Adoration', 'score': 0.1443883329629898}, {'name': 'Aesthetic Appreciation', 'score': 0.09877288341522217}, {'name': 'Amusement', 'score': 0.2793130576610565}, {'name': 'Anger', 'score': 0.05448203906416893}, {'name': 'Anxiety', 'score': 0.11237873136997223}, {'name': 'Awe', 'score': 0.16186819970607758}, {'name': 'Awkwardness', 'score': 0.2080749273300171}, {'name': 'Boredom', 'score': 0.2811581790447235}, {'name': 'Calmness', 'score': 0.422663152217865}, {'name': 'Concentration', 'score': 0.3862091600894928}, {'name': 'Contemplation', 'score': 0.19804684817790985}, {'name': 'Confusion', 'score': 0.3834995925426483}, {'name': 'Contempt', 'score': 0.14846612513065338}, {'name': 'Contentment', 'score': 0.18419894576072693}, {'name': 'Craving', 'score': 0.07021962851285934}, {'name': 'Determination', 'score': 0.11257416009902954}, {'name': 'Disappointment', 'score': 0.19647052884101868}, {'name': 'Disgust', 'score': 0.0701882541179657}, {'name': 'Distress', 'score': 0.13556961715221405}, {'name': 'Doubt', 'score': 0.282140851020813}, {'name': 'Ecstasy', 'score': 0.06515811383724213}, {'name': 'Embarrassment', 'score': 0.08412200212478638}, {'name': 'Empathic Pain', 'score': 0.0611187145113945}, {'name': 'Entrancement', 'score': 0.15737417340278625}, {'name': 'Envy', 'score': 0.04816262051463127}, {'name': 'Excitement', 'score': 0.15399105846881866}, {'name': 'Fear', 'score': 0.08774715662002563}, {'name': 'Guilt', 'score': 0.05367594212293625}, {'name': 'Horror', 'score': 0.04738368093967438}, {'name': 'Interest', 'score': 0.4359450936317444}, {'name': 'Joy', 'score': 0.21788513660430908}, {'name': 'Love', 'score': 0.1807081550359726}, {'name': 'Nostalgia', 'score': 0.07624754309654236}, {'name': 'Pain', 'score': 0.07752915471792221}, {'name': 'Pride', 'score': 0.09324976056814194}, {'name': 'Realization', 'score': 0.19340229034423828}, {'name': 'Relief', 'score': 0.11953293532133102}, {'name': 'Romance', 'score': 0.0731835663318634}, {'name': 'Sadness', 'score': 0.12054406851530075}, {'name': 'Satisfaction', 'score': 0.2124614715576172}, {'name': 'Desire', 'score': 0.09689406305551529}, {'name': 'Shame', 'score': 0.048977941274642944}, {'name': 'Surprise (negative)', 'score': 0.07056538015604019}, {'name': 'Surprise (positive)', 'score': 0.08782031387090683}, {'name': 'Sympathy', 'score': 0.066905178129673}, {'name': 'Tiredness', 'score': 0.1815987229347229}, {'name': 'Triumph', 'score': 0.05560861900448799}]}]}}"
2024-04-27 17:17:38.606034,"{'face': {'predictions': [{'frame': 0, 'time': None, 'bbox': {'x': 436.2469787597656, 'y': 346.6361999511719, 'w': 223.27230834960938, 'h': 278.3515319824219}, 'prob': 0.9999964237213135, 'face_id': 'face_0', 'emotions': [{'name': 'Admiration', 'score': 0.18081581592559814}, {'name': 'Adoration', 'score': 0.1263388693332672}, {'name': 'Aesthetic Appreciation', 'score': 0.09823988378047943}, {'name': 'Amusement', 'score': 0.22284357249736786}, {'name': 'Anger', 'score': 0.06069239228963852}, {'name': 'Anxiety', 'score': 0.13104447722434998}, {'name': 'Awe', 'score': 0.21984456479549408}, {'name': 'Awkwardness', 'score': 0.21082451939582825}, {'name': 'Boredom', 'score': 0.2972102463245392}, {'name': 'Calmness', 'score': 0.41060662269592285}, {'name': 'Concentration', 'score': 0.421613872051239}, {'name': 'Contemplation', 'score': 0.22601307928562164}, {'name': 'Confusion', 'score': 0.3931701183319092}, {'name': 'Contempt', 'score': 0.1510000079870224}, {'name': 'Contentment', 'score': 0.15596331655979156}, {'name': 'Craving', 'score': 0.07468437403440475}, {'name': 'Determination', 'score': 0.12455660849809647}, {'name': 'Disappointment', 'score': 0.211503267288208}, {'name': 'Disgust', 'score': 0.06740867346525192}, {'name': 'Distress', 'score': 0.14556938409805298}, {'name': 'Doubt', 'score': 0.3064728379249573}, {'name': 'Ecstasy', 'score': 0.056414324790239334}, {'name': 'Embarrassment', 'score': 0.08635010570287704}, {'name': 'Empathic Pain', 'score': 0.06259505450725555}, {'name': 'Entrancement', 'score': 0.17252308130264282}, {'name': 'Envy', 'score': 0.05265089124441147}, {'name': 'Excitement', 'score': 0.13251784443855286}, {'name': 'Fear', 'score': 0.12794075906276703}, {'name': 'Guilt', 'score': 0.0596793033182621}, {'name': 'Horror', 'score': 0.07062787562608719}, {'name': 'Interest', 'score': 0.4097214937210083}, {'name': 'Joy', 'score': 0.1549077033996582}, {'name': 'Love', 'score': 0.134310781955719}, {'name': 'Nostalgia', 'score': 0.0774359405040741}, {'name': 'Pain', 'score': 0.07245732098817825}, {'name': 'Pride', 'score': 0.08814982324838638}, {'name': 'Realization', 'score': 0.22053219377994537}, {'name': 'Relief', 'score': 0.10352637618780136}, {'name': 'Romance', 'score': 0.06074189394712448}, {'name': 'Sadness', 'score': 0.1252714991569519}, {'name': 'Satisfaction', 'score': 0.1676492840051651}, {'name': 'Desire', 'score': 0.0789586678147316}, {'name': 'Shame', 'score': 0.050118859857320786}, {'name': 'Surprise (negative)', 'score': 0.09972996264696121}, {'name': 'Surprise (positive)', 'score': 0.1164492517709732}, {'name': 'Sympathy', 'score': 0.06369861960411072}, {'name': 'Tiredness', 'score': 0.17214305698871613}, {'name': 'Triumph', 'score': 0.05195651948451996}]}]}}"
2024-04-27 17:17:40.443339,"{'face': {'predictions': [{'frame': 0, 'time': None, 'bbox': {'x': 317.0967712402344, 'y': 319.81768798828125, 'w': 257.9423522949219, 'h': 307.724365234375}, 'prob': 0.9999688863754272, 'face_id': 'face_0', 'emotions': [{'name': 'Admiration', 'score': 0.16621199250221252}, {'name': 'Adoration', 'score': 0.13383668661117554}, {'name': 'Aesthetic Appreciation', 'score': 0.10007218271493912}, {'name': 'Amusement', 'score': 0.22362972795963287}, {'name': 'Anger', 'score': 0.03118564747273922}, {'name': 'Anxiety', 'score': 0.12116187810897827}, {'name': 'Awe', 'score': 0.14487597346305847}, {'name': 'Awkwardness', 'score': 0.1560821682214737}, {'name': 'Boredom', 'score': 0.2728554308414459}, {'name': 'Calmness', 'score': 0.2808983623981476}, {'name': 'Concentration', 'score': 0.42983368039131165}, {'name': 'Contemplation', 'score': 0.3556295335292816}, {'name': 'Confusion', 'score': 0.4451754689216614}, {'name': 'Contempt', 'score': 0.10722416639328003}, {'name': 'Contentment', 'score': 0.1279432475566864}, {'name': 'Craving', 'score': 0.12402542680501938}, {'name': 'Determination', 'score': 0.11085976660251617}, {'name': 'Disappointment', 'score': 0.14593036472797394}, {'name': 'Disgust', 'score': 0.04473702609539032}, {'name': 'Distress', 'score': 0.13661298155784607}, {'name': 'Doubt', 'score': 0.3137047588825226}, {'name': 'Ecstasy', 'score': 0.0735921859741211}, {'name': 'Embarrassment', 'score': 0.05618912726640701}, {'name': 'Empathic Pain', 'score': 0.04436583071947098}, {'name': 'Entrancement', 'score': 0.17616598308086395}, {'name': 'Envy', 'score': 0.03854751959443092}, {'name': 'Excitement', 'score': 0.12948475778102875}, {'name': 'Fear', 'score': 0.07945579290390015}, {'name': 'Guilt', 'score': 0.044020719826221466}, {'name': 'Horror', 'score': 0.03668560832738876}, {'name': 'Interest', 'score': 0.43451988697052}, {'name': 'Joy', 'score': 0.15575917065143585}, {'name': 'Love', 'score': 0.15400530397891998}, {'name': 'Nostalgia', 'score': 0.07222330570220947}, {'name': 'Pain', 'score': 0.06684242188930511}, {'name': 'Pride', 'score': 0.06762764602899551}, {'name': 'Realization', 'score': 0.21058863401412964}, {'name': 'Relief', 'score': 0.10227040201425552}, {'name': 'Romance', 'score': 0.0999758318066597}, {'name': 'Sadness', 'score': 0.08525202423334122}, {'name': 'Satisfaction', 'score': 0.20818448066711426}, {'name': 'Desire', 'score': 0.2496500164270401}, {'name': 'Shame', 'score': 0.037055857479572296}, {'name': 'Surprise (negative)', 'score': 0.04495806619524956}, {'name': 'Surprise (positive)', 'score': 0.04710359498858452}, {'name': 'Sympathy', 'score': 0.04458632320165634}, {'name': 'Tiredness', 'score': 0.16264812648296356}, {'name': 'Triumph', 'score': 0.04716968163847923}]}]}}"
2024-04-27 17:17:42.275806,"{'face': {'predictions': [{'frame': 0, 'time': None, 'bbox': {'x': 486.7787170410156, 'y': 381.81573486328125, 'w': 168.20352172851562, 'h': 198.97216796875}, 'prob': 0.9979992508888245, 'face_id': 'face_0', 'emotions': [{'name': 'Admiration', 'score': 0.18105821311473846}, {'name': 'Adoration', 'score': 0.13251176476478577}, {'name': 'Aesthetic Appreciation', 'score': 0.08008747547864914}, {'name': 'Amusement', 'score': 0.3189316689968109}, {'name': 'Anger', 'score': 0.08205722272396088}, {'name': 'Anxiety', 'score': 0.12107998877763748}, {'name': 'Awe', 'score': 0.33670735359191895}, {'name': 'Awkwardness', 'score': 0.1369553655385971}, {'name': 'Boredom', 'score': 0.13917933404445648}, {'name': 'Calmness', 'score': 0.15757590532302856}, {'name': 'Concentration', 'score': 0.1970330774784088}, {'name': 'Contemplation', 'score': 0.1334681212902069}, {'name': 'Confusion', 'score': 0.26439449191093445}, {'name': 'Contempt', 'score': 0.09373732656240463}, {'name': 'Contentment', 'score': 0.11843450367450714}, {'name': 'Craving', 'score': 0.07997605949640274}, {'name': 'Determination', 'score': 0.1076962798833847}, {'name': 'Disappointment', 'score': 0.13779504597187042}, {'name': 'Disgust', 'score': 0.05224959924817085}, {'name': 'Distress', 'score': 0.16327542066574097}, {'name': 'Doubt', 'score': 0.16508229076862335}, {'name': 'Ecstasy', 'score': 0.16272442042827606}, {'name': 'Embarrassment', 'score': 0.0604880228638649}, {'name': 'Empathic Pain', 'score': 0.057431139051914215}, {'name': 'Entrancement', 'score': 0.1464511603116989}, {'name': 'Envy', 'score': 0.03716447576880455}, {'name': 'Excitement', 'score': 0.29978030920028687}, {'name': 'Fear', 'score': 0.19604817032814026}, {'name': 'Guilt', 'score': 0.03893454000353813}, {'name': 'Horror', 'score': 0.13605983555316925}, {'name': 'Interest', 'score': 0.29201048612594604}, {'name': 'Joy', 'score': 0.2525743246078491}, {'name': 'Love', 'score': 0.1459803581237793}, {'name': 'Nostalgia', 'score': 0.0675124004483223}, {'name': 'Pain', 'score': 0.11968261003494263}, {'name': 'Pride', 'score': 0.11076273024082184}, {'name': 'Realization', 'score': 0.22651724517345428}, {'name': 'Relief', 'score': 0.12647265195846558}, {'name': 'Romance', 'score': 0.054659102112054825}, {'name': 'Sadness', 'score': 0.09363275021314621}, {'name': 'Satisfaction', 'score': 0.22240065038204193}, {'name': 'Desire', 'score': 0.10361182689666748}, {'name': 'Shame', 'score': 0.031057916581630707}, {'name': 'Surprise (negative)', 'score': 0.12371844053268433}, {'name': 'Surprise (positive)', 'score': 0.14951182901859283}, {'name': 'Sympathy', 'score': 0.036261532455682755}, {'name': 'Tiredness', 'score': 0.11572238802909851}, {'name': 'Triumph', 'score': 0.13608622550964355}]}]}}"
2024-04-27 17:17:44.042384,"{'face': {'predictions': [{'frame': 0, 'time': None, 'bbox': {'x': 481.9876708984375, 'y': 355.7071228027344, 'w': 193.5888671875, 'h': 248.72970581054688}, 'prob': 0.9999624490737915, 'face_id': 'face_0', 'emotions': [{'name': 'Admiration', 'score': 0.2610458731651306}, {'name': 'Adoration', 'score': 0.18770965933799744}, {'name': 'Aesthetic Appreciation', 'score': 0.11388558149337769}, {'name': 'Amusement', 'score': 0.273073673248291}, {'name': 'Anger', 'score': 0.05679582804441452}, {'name': 'Anxiety', 'score': 0.10307743400335312}, {'name': 'Awe', 'score': 0.33536961674690247}, {'name': 'Awkwardness', 'score': 0.15008336305618286}, {'name': 'Boredom', 'score': 0.16956248879432678}, {'name': 'Calmness', 'score': 0.27428093552589417}, {'name': 'Concentration', 'score': 0.3376387059688568}, {'name': 'Contemplation', 'score': 0.22684213519096375}, {'name': 'Confusion', 'score': 0.3329634666442871}, {'name': 'Contempt', 'score': 0.11650963872671127}, {'name': 'Contentment', 'score': 0.147686168551445}, {'name': 'Craving', 'score': 0.07675698399543762}, {'name': 'Determination', 'score': 0.11902055144309998}, {'name': 'Disappointment', 'score': 0.14594684541225433}, {'name': 'Disgust', 'score': 0.05018606409430504}, {'name': 'Distress', 'score': 0.12310810387134552}, {'name': 'Doubt', 'score': 0.23740974068641663}, {'name': 'Ecstasy', 'score': 0.08564458787441254}, {'name': 'Embarrassment', 'score': 0.06395141780376434}, {'name': 'Empathic Pain', 'score': 0.04841114953160286}, {'name': 'Entrancement', 'score': 0.19511745870113373}, {'name': 'Envy', 'score': 0.05006391182541847}, {'name': 'Excitement', 'score': 0.1950000375509262}, {'name': 'Fear', 'score': 0.1258573830127716}, {'name': 'Guilt', 'score': 0.04259517788887024}, {'name': 'Horror', 'score': 0.07188073545694351}, {'name': 'Interest', 'score': 0.42080819606781006}, {'name': 'Joy', 'score': 0.21253277361392975}, {'name': 'Love', 'score': 0.17841391265392303}, {'name': 'Nostalgia', 'score': 0.0857950821518898}, {'name': 'Pain', 'score': 0.06806819885969162}, {'name': 'Pride', 'score': 0.10598523914813995}, {'name': 'Realization', 'score': 0.2569112479686737}, {'name': 'Relief', 'score': 0.11474014818668365}, {'name': 'Romance', 'score': 0.0708119124174118}, {'name': 'Sadness', 'score': 0.0870598703622818}, {'name': 'Satisfaction', 'score': 0.19391950964927673}, {'name': 'Desire', 'score': 0.08175460249185562}, {'name': 'Shame', 'score': 0.03519106283783913}, {'name': 'Surprise (negative)', 'score': 0.08711237460374832}, {'name': 'Surprise (positive)', 'score': 0.12702862918376923}, {'name': 'Sympathy', 'score': 0.04765301197767258}, {'name': 'Tiredness', 'score': 0.1109265685081482}, {'name': 'Triumph', 'score': 0.08090882003307343}]}]}}"
2024-04-27 17:17:45.841907,"{'face': {'predictions': [{'frame': 0, 'time': None, 'bbox': {'x': 488.8106384277344, 'y': 377.08349609375, 'w': 187.44876098632812, 'h': 229.50250244140625}, 'prob': 0.9999982118606567, 'face_id': 'face_0', 'emotions': [{'name': 'Admiration', 'score': 0.2411016821861267}, {'name': 'Adoration', 'score': 0.167665496468544}, {'name': 'Aesthetic Appreciation', 'score': 0.11392943561077118}, {'name': 'Amusement', 'score': 0.21899351477622986}, {'name': 'Anger', 'score': 0.05486849695444107}, {'name': 'Anxiety', 'score': 0.10750064253807068}, {'name': 'Awe', 'score': 0.302279531955719}, {'name': 'Awkwardness', 'score': 0.14198294281959534}, {'name': 'Boredom', 'score': 0.19189606606960297}, {'name': 'Calmness', 'score': 0.308826744556427}, {'name': 'Concentration', 'score': 0.37387654185295105}, {'name': 'Contemplation', 'score': 0.25858575105667114}, {'name': 'Confusion', 'score': 0.33995065093040466}, {'name': 'Contempt', 'score': 0.12155480682849884}, {'name': 'Contentment', 'score': 0.14343364536762238}, {'name': 'Craving', 'score': 0.083152174949646}, {'name': 'Determination', 'score': 0.12874220311641693}, {'name': 'Disappointment', 'score': 0.15877562761306763}, {'name': 'Disgust', 'score': 0.04675254598259926}, {'name': 'Distress', 'score': 0.1287950873374939}, {'name': 'Doubt', 'score': 0.25405552983283997}, {'name': 'Ecstasy', 'score': 0.07847234606742859}, {'name': 'Embarrassment', 'score': 0.06122341752052307}, {'name': 'Empathic Pain', 'score': 0.04819217696785927}, {'name': 'Entrancement', 'score': 0.2087344080209732}, {'name': 'Envy', 'score': 0.04916083812713623}, {'name': 'Excitement', 'score': 0.1529989242553711}, {'name': 'Fear', 'score': 0.11585099995136261}, {'name': 'Guilt', 'score': 0.04565039649605751}, {'name': 'Horror', 'score': 0.06079265475273132}, {'name': 'Interest', 'score': 0.3979901075363159}, {'name': 'Joy', 'score': 0.1614958792924881}, {'name': 'Love', 'score': 0.1584140807390213}, {'name': 'Nostalgia', 'score': 0.08773476630449295}, {'name': 'Pain', 'score': 0.06770375370979309}, {'name': 'Pride', 'score': 0.10066637396812439}, {'name': 'Realization', 'score': 0.27011340856552124}, {'name': 'Relief', 'score': 0.1282552033662796}, {'name': 'Romance', 'score': 0.07324284315109253}, {'name': 'Sadness', 'score': 0.08975017070770264}, {'name': 'Satisfaction', 'score': 0.1891942322254181}, {'name': 'Desire', 'score': 0.09808363765478134}, {'name': 'Shame', 'score': 0.036759428679943085}, {'name': 'Surprise (negative)', 'score': 0.07656537741422653}, {'name': 'Surprise (positive)', 'score': 0.10482881963253021}, {'name': 'Sympathy', 'score': 0.04504931718111038}, {'name': 'Tiredness', 'score': 0.13544292747974396}, {'name': 'Triumph', 'score': 0.07311420142650604}]}]}}"
2024-04-27 17:17:47.698689,"{'face': {'predictions': [{'frame': 0, 'time': None, 'bbox': {'x': 516.576416015625, 'y': 370.027099609375, 'w': 185.2318115234375, 'h': 232.20184326171875}, 'prob': 0.9999996423721313, 'face_id': 'face_0', 'emotions': [{'name': 'Admiration', 'score': 0.38288038969039917}, {'name': 'Adoration', 'score': 0.3218606412410736}, {'name': 'Aesthetic Appreciation', 'score': 0.15312990546226501}, {'name': 'Amusement', 'score': 0.3690706193447113}, {'name': 'Anger', 'score': 0.028776787221431732}, {'name': 'Anxiety', 'score': 0.07673146575689316}, {'name': 'Awe', 'score': 0.25200000405311584}, {'name': 'Awkwardness', 'score': 0.14268891513347626}, {'name': 'Boredom', 'score': 0.1515018343925476}, {'name': 'Calmness', 'score': 0.37390267848968506}, {'name': 'Concentration', 'score': 0.3849012851715088}, {'name': 'Contemplation', 'score': 0.27327704429626465}, {'name': 'Confusion', 'score': 0.23300926387310028}, {'name': 'Contempt', 'score': 0.10163170099258423}, {'name': 'Contentment', 'score': 0.2304297387599945}, {'name': 'Craving', 'score': 0.0797535628080368}, {'name': 'Determination', 'score': 0.11053077131509781}, {'name': 'Disappointment', 'score': 0.10557308793067932}, {'name': 'Disgust', 'score': 0.030760370194911957}, {'name': 'Distress', 'score': 0.07892007380723953}, {'name': 'Doubt', 'score': 0.19981065392494202}, {'name': 'Ecstasy', 'score': 0.08135905861854553}, {'name': 'Embarrassment', 'score': 0.060318827629089355}, {'name': 'Empathic Pain', 'score': 0.034928690642118454}, {'name': 'Entrancement', 'score': 0.21633824706077576}, {'name': 'Envy', 'score': 0.051167797297239304}, {'name': 'Excitement', 'score': 0.2180662602186203}, {'name': 'Fear', 'score': 0.07359492033720016}, {'name': 'Guilt', 'score': 0.03748291730880737}, {'name': 'Horror', 'score': 0.0338265560567379}, {'name': 'Interest', 'score': 0.5643833875656128}, {'name': 'Joy', 'score': 0.33305925130844116}, {'name': 'Love', 'score': 0.3345584571361542}, {'name': 'Nostalgia', 'score': 0.11135345697402954}, {'name': 'Pain', 'score': 0.03830411285161972}, {'name': 'Pride', 'score': 0.13032911717891693}, {'name': 'Realization', 'score': 0.22761842608451843}, {'name': 'Relief', 'score': 0.11836356669664383}, {'name': 'Romance', 'score': 0.11796153336763382}, {'name': 'Sadness', 'score': 0.06661183387041092}, {'name': 'Satisfaction', 'score': 0.26917925477027893}, {'name': 'Desire', 'score': 0.08467745035886765}, {'name': 'Shame', 'score': 0.03339917212724686}, {'name': 'Surprise (negative)', 'score': 0.04168971627950668}, {'name': 'Surprise (positive)', 'score': 0.07781269401311874}, {'name': 'Sympathy', 'score': 0.06023816019296646}, {'name': 'Tiredness', 'score': 0.08199762552976608}, {'name': 'Triumph', 'score': 0.07778258621692657}]}]}}"
2024-04-27 17:17:49.571098,"{'face': {'predictions': [{'frame': 0, 'time': None, 'bbox': {'x': 479.62603759765625, 'y': 354.9104919433594, 'w': 244.3099365234375, 'h': 313.7251892089844}, 'prob': 0.9999997615814209, 'face_id': 'face_0', 'emotions': [{'name': 'Admiration', 'score': 0.24288469552993774}, {'name': 'Adoration', 'score': 0.25345516204833984}, {'name': 'Aesthetic Appreciation', 'score': 0.101842001080513}, {'name': 'Amusement', 'score': 0.7963016629219055}, {'name': 'Anger', 'score': 0.016734544187784195}, {'name': 'Anxiety', 'score': 0.041692137718200684}, {'name': 'Awe', 'score': 0.11457179486751556}, {'name': 'Awkwardness', 'score': 0.14606007933616638}, {'name': 'Boredom', 'score': 0.06863348931074142}, {'name': 'Calmness', 'score': 0.2253488302230835}, {'name': 'Concentration', 'score': 0.14800794422626495}, {'name': 'Contemplation', 'score': 0.07418488711118698}, {'name': 'Confusion', 'score': 0.09475577622652054}, {'name': 'Contempt', 'score': 0.05578700080513954}, {'name': 'Contentment', 'score': 0.27261632680892944}, {'name': 'Craving', 'score': 0.05029371380805969}, {'name': 'Determination', 'score': 0.057181842625141144}, {'name': 'Disappointment', 'score': 0.043054915964603424}, {'name': 'Disgust', 'score': 0.019776437431573868}, {'name': 'Distress', 'score': 0.04096168652176857}, {'name': 'Doubt', 'score': 0.06762190163135529}, {'name': 'Ecstasy', 'score': 0.18790674209594727}, {'name': 'Embarrassment', 'score': 0.04938064515590668}, {'name': 'Empathic Pain', 'score': 0.019651463255286217}, {'name': 'Entrancement', 'score': 0.11173174530267715}, {'name': 'Envy', 'score': 0.026043489575386047}, {'name': 'Excitement', 'score': 0.5258344411849976}, {'name': 'Fear', 'score': 0.031950853765010834}, {'name': 'Guilt', 'score': 0.016598619520664215}, {'name': 'Horror', 'score': 0.019592270255088806}, {'name': 'Interest', 'score': 0.49263453483581543}, {'name': 'Joy', 'score': 0.8052240610122681}, {'name': 'Love', 'score': 0.41896891593933105}, {'name': 'Nostalgia', 'score': 0.06870526075363159}, {'name': 'Pain', 'score': 0.024456549435853958}, {'name': 'Pride', 'score': 0.14275240898132324}, {'name': 'Realization', 'score': 0.10856086015701294}, {'name': 'Relief', 'score': 0.1149582788348198}, {'name': 'Romance', 'score': 0.0915786549448967}, {'name': 'Sadness', 'score': 0.022280827164649963}, {'name': 'Satisfaction', 'score': 0.41048309206962585}, {'name': 'Desire', 'score': 0.0747227594256401}, {'name': 'Shame', 'score': 0.018891967833042145}, {'name': 'Surprise (negative)', 'score': 0.022534774616360664}, {'name': 'Surprise (positive)', 'score': 0.056116897612810135}, {'name': 'Sympathy', 'score': 0.05424170196056366}, {'name': 'Tiredness', 'score': 0.047323063015937805}, {'name': 'Triumph', 'score': 0.12236793339252472}]}]}}"
2024-04-27 17:17:51.301583,"{'face': {'predictions': [{'frame': 0, 'time': None, 'bbox': {'x': 469.66754150390625, 'y': 352.43841552734375, 'w': 266.78466796875, 'h': 326.927001953125}, 'prob': 0.9999984502792358, 'face_id': 'face_0', 'emotions': [{'name': 'Admiration', 'score': 0.32499852776527405}, {'name': 'Adoration', 'score': 0.32227104902267456}, {'name': 'Aesthetic Appreciation', 'score': 0.14521971344947815}, {'name': 'Amusement', 'score': 0.41990184783935547}, {'name': 'Anger', 'score': 0.035488929599523544}, {'name': 'Anxiety', 'score': 0.07189282029867172}, {'name': 'Awe', 'score': 0.14276809990406036}, {'name': 'Awkwardness', 'score': 0.1814889758825302}, {'name': 'Boredom', 'score': 0.23695482313632965}, {'name': 'Calmness', 'score': 0.47959834337234497}, {'name': 'Concentration', 'score': 0.3136262893676758}, {'name': 'Contemplation', 'score': 0.19870348274707794}, {'name': 'Confusion', 'score': 0.23333188891410828}, {'name': 'Contempt', 'score': 0.15165305137634277}, {'name': 'Contentment', 'score': 0.31417810916900635}, {'name': 'Craving', 'score': 0.07060572504997253}, {'name': 'Determination', 'score': 0.09923062473535538}, {'name': 'Disappointment', 'score': 0.14270155131816864}, {'name': 'Disgust', 'score': 0.04692794010043144}, {'name': 'Distress', 'score': 0.0834895521402359}, {'name': 'Doubt', 'score': 0.20436765253543854}, {'name': 'Ecstasy', 'score': 0.08051230013370514}, {'name': 'Embarrassment', 'score': 0.07139480113983154}, {'name': 'Empathic Pain', 'score': 0.04152430593967438}, {'name': 'Entrancement', 'score': 0.16427484154701233}, {'name': 'Envy', 'score': 0.051660194993019104}, {'name': 'Excitement', 'score': 0.20007163286209106}, {'name': 'Fear', 'score': 0.04947366937994957}, {'name': 'Guilt', 'score': 0.037592824548482895}, {'name': 'Horror', 'score': 0.022638509050011635}, {'name': 'Interest', 'score': 0.5128393173217773}, {'name': 'Joy', 'score': 0.405030757188797}, {'name': 'Love', 'score': 0.41532087326049805}, {'name': 'Nostalgia', 'score': 0.110565185546875}, {'name': 'Pain', 'score': 0.050296295434236526}, {'name': 'Pride', 'score': 0.1619841307401657}, {'name': 'Realization', 'score': 0.16728810966014862}, {'name': 'Relief', 'score': 0.14910125732421875}, {'name': 'Romance', 'score': 0.135700985789299}, {'name': 'Sadness', 'score': 0.0813424363732338}, {'name': 'Satisfaction', 'score': 0.36810246109962463}, {'name': 'Desire', 'score': 0.10107165575027466}, {'name': 'Shame', 'score': 0.04128840193152428}, {'name': 'Surprise (negative)', 'score': 0.029354702681303024}, {'name': 'Surprise (positive)', 'score': 0.04425109177827835}, {'name': 'Sympathy', 'score': 0.07057894766330719}, {'name': 'Tiredness', 'score': 0.13148543238639832}, {'name': 'Triumph', 'score': 0.0853465124964714}]}]}}"
2024-04-27 17:17:53.037807,"{'face': {'predictions': [{'frame': 0, 'time': None, 'bbox': {'x': 579.0985717773438, 'y': 349.4637451171875, 'w': 212.9498291015625, 'h': 257.11566162109375}, 'prob': 0.999987006187439, 'face_id': 'face_0', 'emotions': [{'name': 'Admiration', 'score': 0.34891581535339355}, {'name': 'Adoration', 'score': 0.301982581615448}, {'name': 'Aesthetic Appreciation', 'score': 0.15202102065086365}, {'name': 'Amusement', 'score': 0.33113014698028564}, {'name': 'Anger', 'score': 0.03277568519115448}, {'name': 'Anxiety', 'score': 0.07178568840026855}, {'name': 'Awe', 'score': 0.23235809803009033}, {'name': 'Awkwardness', 'score': 0.13647843897342682}, {'name': 'Boredom', 'score': 0.18775057792663574}, {'name': 'Calmness', 'score': 0.45274290442466736}, {'name': 'Concentration', 'score': 0.3379790782928467}, {'name': 'Contemplation', 'score': 0.23873047530651093}, {'name': 'Confusion', 'score': 0.21649020910263062}, {'name': 'Contempt', 'score': 0.1211056187748909}, {'name': 'Contentment', 'score': 0.27210932970046997}, {'name': 'Craving', 'score': 0.07250140607357025}, {'name': 'Determination', 'score': 0.1044946014881134}, {'name': 'Disappointment', 'score': 0.12262698262929916}, {'name': 'Disgust', 'score': 0.034412845969200134}, {'name': 'Distress', 'score': 0.0834503248333931}, {'name': 'Doubt', 'score': 0.1826591044664383}, {'name': 'Ecstasy', 'score': 0.09399151802062988}, {'name': 'Embarrassment', 'score': 0.05587245523929596}, {'name': 'Empathic Pain', 'score': 0.037755854427814484}, {'name': 'Entrancement', 'score': 0.21208523213863373}, {'name': 'Envy', 'score': 0.048310525715351105}, {'name': 'Excitement', 'score': 0.18935368955135345}, {'name': 'Fear', 'score': 0.06567426025867462}, {'name': 'Guilt', 'score': 0.035451702773571014}, {'name': 'Horror', 'score': 0.03043944574892521}, {'name': 'Interest', 'score': 0.45608818531036377}, {'name': 'Joy', 'score': 0.32342949509620667}, {'name': 'Love', 'score': 0.3285595774650574}, {'name': 'Nostalgia', 'score': 0.12066382169723511}, {'name': 'Pain', 'score': 0.047634024173021317}, {'name': 'Pride', 'score': 0.15375947952270508}, {'name': 'Realization', 'score': 0.22083017230033875}, {'name': 'Relief', 'score': 0.17713803052902222}, {'name': 'Romance', 'score': 0.11234938353300095}, {'name': 'Sadness', 'score': 0.07207041233778}, {'name': 'Satisfaction', 'score': 0.3314476013183594}, {'name': 'Desire', 'score': 0.087506003677845}, {'name': 'Shame', 'score': 0.03294700011610985}, {'name': 'Surprise (negative)', 'score': 0.03623225912451744}, {'name': 'Surprise (positive)', 'score': 0.06082820147275925}, {'name': 'Sympathy', 'score': 0.05582457408308983}, {'name': 'Tiredness', 'score': 0.1215372383594513}, {'name': 'Triumph', 'score': 0.09245000779628754}]}]}}"
2024-04-27 17:17:54.903922,"{'face': {'predictions': [{'frame': 0, 'time': None, 'bbox': {'x': 675.9957885742188, 'y': 358.2351989746094, 'w': 181.7005615234375, 'h': 291.0647277832031}, 'prob': 0.999940037727356, 'face_id': 'face_0', 'emotions': [{'name': 'Admiration', 'score': 0.14076849818229675}, {'name': 'Adoration', 'score': 0.11670869588851929}, {'name': 'Aesthetic Appreciation', 'score': 0.07836730033159256}, {'name': 'Amusement', 'score': 0.22561608254909515}, {'name': 'Anger', 'score': 0.1348496824502945}, {'name': 'Anxiety', 'score': 0.14426352083683014}, {'name': 'Awe', 'score': 0.1462344527244568}, {'name': 'Awkwardness', 'score': 0.20312893390655518}, {'name': 'Boredom', 'score': 0.22112056612968445}, {'name': 'Calmness', 'score': 0.3014887571334839}, {'name': 'Concentration', 'score': 0.369707316160202}, {'name': 'Contemplation', 'score': 0.18985715508460999}, {'name': 'Confusion', 'score': 0.3813241124153137}, {'name': 'Contempt', 'score': 0.1961834877729416}, {'name': 'Contentment', 'score': 0.1422187089920044}, {'name': 'Craving', 'score': 0.06688288599252701}, {'name': 'Determination', 'score': 0.14293146133422852}, {'name': 'Disappointment', 'score': 0.2606499493122101}, {'name': 'Disgust', 'score': 0.14519450068473816}, {'name': 'Distress', 'score': 0.19286735355854034}, {'name': 'Doubt', 'score': 0.29122599959373474}, {'name': 'Ecstasy', 'score': 0.06055912375450134}, {'name': 'Embarrassment', 'score': 0.10290618985891342}, {'name': 'Empathic Pain', 'score': 0.09149204194545746}, {'name': 'Entrancement', 'score': 0.12743769586086273}, {'name': 'Envy', 'score': 0.05756933614611626}, {'name': 'Excitement', 'score': 0.14621606469154358}, {'name': 'Fear', 'score': 0.12722301483154297}, {'name': 'Guilt', 'score': 0.0739765390753746}, {'name': 'Horror', 'score': 0.0744493156671524}, {'name': 'Interest', 'score': 0.3392484188079834}, {'name': 'Joy', 'score': 0.18132130801677704}, {'name': 'Love', 'score': 0.15403467416763306}, {'name': 'Nostalgia', 'score': 0.06959879398345947}, {'name': 'Pain', 'score': 0.14689959585666656}, {'name': 'Pride', 'score': 0.09319096058607101}, {'name': 'Realization', 'score': 0.17503662407398224}, {'name': 'Relief', 'score': 0.07796056568622589}, {'name': 'Romance', 'score': 0.06189107894897461}, {'name': 'Sadness', 'score': 0.18298546969890594}, {'name': 'Satisfaction', 'score': 0.17082150280475616}, {'name': 'Desire', 'score': 0.08116593956947327}, {'name': 'Shame', 'score': 0.06868327409029007}, {'name': 'Surprise (negative)', 'score': 0.08992389589548111}, {'name': 'Surprise (positive)', 'score': 0.0815584734082222}, {'name': 'Sympathy', 'score': 0.06106531247496605}, {'name': 'Tiredness', 'score': 0.15809237957000732}, {'name': 'Triumph', 'score': 0.0634656473994255}]}]}}"
2024-04-27 17:17:56.736173,"{'face': {'predictions': [{'frame': 0, 'time': None, 'bbox': {'x': 686.0765991210938, 'y': 365.5100402832031, 'w': 188.468994140625, 'h': 306.5168151855469}, 'prob': 0.9998635053634644, 'face_id': 'face_0', 'emotions': [{'name': 'Admiration', 'score': 0.21207036077976227}, {'name': 'Adoration', 'score': 0.1936796009540558}, {'name': 'Aesthetic Appreciation', 'score': 0.10134151577949524}, {'name': 'Amusement', 'score': 0.29164257645606995}, {'name': 'Anger', 'score': 0.0766262635588646}, {'name': 'Anxiety', 'score': 0.11708680540323257}, {'name': 'Awe', 'score': 0.1700909584760666}, {'name': 'Awkwardness', 'score': 0.17942549288272858}, {'name': 'Boredom', 'score': 0.21187646687030792}, {'name': 'Calmness', 'score': 0.3189717233181}, {'name': 'Concentration', 'score': 0.3569783568382263}, {'name': 'Contemplation', 'score': 0.2143341302871704}, {'name': 'Confusion', 'score': 0.3664834201335907}, {'name': 'Contempt', 'score': 0.15681517124176025}, {'name': 'Contentment', 'score': 0.17372339963912964}, {'name': 'Craving', 'score': 0.07414364814758301}, {'name': 'Determination', 'score': 0.12133271992206573}, {'name': 'Disappointment', 'score': 0.20980969071388245}, {'name': 'Disgust', 'score': 0.09103298932313919}, {'name': 'Distress', 'score': 0.15792886912822723}, {'name': 'Doubt', 'score': 0.2761407792568207}, {'name': 'Ecstasy', 'score': 0.07281263917684555}, {'name': 'Embarrassment', 'score': 0.09258554875850677}, {'name': 'Empathic Pain', 'score': 0.0735471248626709}, {'name': 'Entrancement', 'score': 0.15382644534111023}, {'name': 'Envy', 'score': 0.05464417487382889}, {'name': 'Excitement', 'score': 0.1747920662164688}, {'name': 'Fear', 'score': 0.10440710932016373}, {'name': 'Guilt', 'score': 0.062380075454711914}, {'name': 'Horror', 'score': 0.0539960153400898}, {'name': 'Interest', 'score': 0.4204622507095337}, {'name': 'Joy', 'score': 0.24783167243003845}, {'name': 'Love', 'score': 0.24862119555473328}, {'name': 'Nostalgia', 'score': 0.08583188056945801}, {'name': 'Pain', 'score': 0.11676722764968872}, {'name': 'Pride', 'score': 0.10126498341560364}, {'name': 'Realization', 'score': 0.1911330223083496}, {'name': 'Relief', 'score': 0.09760867059230804}, {'name': 'Romance', 'score': 0.09503244608640671}, {'name': 'Sadness', 'score': 0.1591309756040573}, {'name': 'Satisfaction', 'score': 0.21779675781726837}, {'name': 'Desire', 'score': 0.10179205238819122}, {'name': 'Shame', 'score': 0.05998099595308304}, {'name': 'Surprise (negative)', 'score': 0.06479295343160629}, {'name': 'Surprise (positive)', 'score': 0.07525447756052017}, {'name': 'Sympathy', 'score': 0.06204373389482498}, {'name': 'Tiredness', 'score': 0.14578066766262054}, {'name': 'Triumph', 'score': 0.06809623539447784}]}]}}"
2024-04-27 17:17:58.665817,"{'face': {'predictions': [{'frame': 0, 'time': None, 'bbox': {'x': 675.0675048828125, 'y': 367.1372985839844, 'w': 193.28216552734375, 'h': 277.5162658691406}, 'prob': 0.9998846054077148, 'face_id': 'face_0', 'emotions': [{'name': 'Admiration', 'score': 0.1841638833284378}, {'name': 'Adoration', 'score': 0.15976721048355103}, {'name': 'Aesthetic Appreciation', 'score': 0.08920491486787796}, {'name': 'Amusement', 'score': 0.3159073293209076}, {'name': 'Anger', 'score': 0.11400993913412094}, {'name': 'Anxiety', 'score': 0.11878196895122528}, {'name': 'Awe', 'score': 0.18439050018787384}, {'name': 'Awkwardness', 'score': 0.19071446359157562}, {'name': 'Boredom', 'score': 0.19621412456035614}, {'name': 'Calmness', 'score': 0.27270832657814026}, {'name': 'Concentration', 'score': 0.3125915229320526}, {'name': 'Contemplation', 'score': 0.16349342465400696}, {'name': 'Confusion', 'score': 0.3217291533946991}, {'name': 'Contempt', 'score': 0.16566359996795654}, {'name': 'Contentment', 'score': 0.1593552529811859}, {'name': 'Craving', 'score': 0.0748487263917923}, {'name': 'Determination', 'score': 0.13400153815746307}, {'name': 'Disappointment', 'score': 0.21048477292060852}, {'name': 'Disgust', 'score': 0.10928665101528168}, {'name': 'Distress', 'score': 0.15812644362449646}, {'name': 'Doubt', 'score': 0.2390560805797577}, {'name': 'Ecstasy', 'score': 0.085957832634449}, {'name': 'Embarrassment', 'score': 0.09577111154794693}, {'name': 'Empathic Pain', 'score': 0.0736217200756073}, {'name': 'Entrancement', 'score': 0.1366736888885498}, {'name': 'Envy', 'score': 0.05540739744901657}, {'name': 'Excitement', 'score': 0.21727511286735535}, {'name': 'Fear', 'score': 0.11381886899471283}, {'name': 'Guilt', 'score': 0.059335432946681976}, {'name': 'Horror', 'score': 0.07081349939107895}, {'name': 'Interest', 'score': 0.38206392526626587}, {'name': 'Joy', 'score': 0.2596668004989624}, {'name': 'Love', 'score': 0.21282252669334412}, {'name': 'Nostalgia', 'score': 0.07183793932199478}, {'name': 'Pain', 'score': 0.12021390348672867}, {'name': 'Pride', 'score': 0.1102878749370575}, {'name': 'Realization', 'score': 0.18218132853507996}, {'name': 'Relief', 'score': 0.09118746221065521}, {'name': 'Romance', 'score': 0.0774666890501976}, {'name': 'Sadness', 'score': 0.13876888155937195}, {'name': 'Satisfaction', 'score': 0.21508069336414337}, {'name': 'Desire', 'score': 0.09627046436071396}, {'name': 'Shame', 'score': 0.057517506182193756}, {'name': 'Surprise (negative)', 'score': 0.08544096350669861}, {'name': 'Surprise (positive)', 'score': 0.10147675126791}, {'name': 'Sympathy', 'score': 0.05585175007581711}, {'name': 'Tiredness', 'score': 0.13937823474407196}, {'name': 'Triumph', 'score': 0.08711212873458862}]}]}}"
2024-04-27 17:18:00.501676,"{'face': {'predictions': [{'frame': 0, 'time': None, 'bbox': {'x': 489.9366149902344, 'y': 334.74237060546875, 'w': 263.3339538574219, 'h': 348.71685791015625}, 'prob': 1.0, 'face_id': 'face_0', 'emotions': [{'name': 'Admiration', 'score': 0.23513905704021454}, {'name': 'Adoration', 'score': 0.24608998000621796}, {'name': 'Aesthetic Appreciation', 'score': 0.11110985279083252}, {'name': 'Amusement', 'score': 0.6736721992492676}, {'name': 'Anger', 'score': 0.02095111832022667}, {'name': 'Anxiety', 'score': 0.05441620573401451}, {'name': 'Awe', 'score': 0.11170541495084763}, {'name': 'Awkwardness', 'score': 0.18158061802387238}, {'name': 'Boredom', 'score': 0.10817598551511765}, {'name': 'Calmness', 'score': 0.28006166219711304}, {'name': 'Concentration', 'score': 0.20670434832572937}, {'name': 'Contemplation', 'score': 0.10601561516523361}, {'name': 'Confusion', 'score': 0.16096754372119904}, {'name': 'Contempt', 'score': 0.08082857728004456}, {'name': 'Contentment', 'score': 0.26236289739608765}, {'name': 'Craving', 'score': 0.0734371766448021}, {'name': 'Determination', 'score': 0.0679682120680809}, {'name': 'Disappointment', 'score': 0.06600658595561981}, {'name': 'Disgust', 'score': 0.03498809039592743}, {'name': 'Distress', 'score': 0.058108821511268616}, {'name': 'Doubt', 'score': 0.11198874562978745}, {'name': 'Ecstasy', 'score': 0.14464373886585236}, {'name': 'Embarrassment', 'score': 0.059039585292339325}, {'name': 'Empathic Pain', 'score': 0.028572501614689827}, {'name': 'Entrancement', 'score': 0.12846750020980835}, {'name': 'Envy', 'score': 0.033754218369722366}, {'name': 'Excitement', 'score': 0.3939101994037628}, {'name': 'Fear', 'score': 0.04118821397423744}, {'name': 'Guilt', 'score': 0.023861613124608994}, {'name': 'Horror', 'score': 0.02298825979232788}, {'name': 'Interest', 'score': 0.5295374393463135}, {'name': 'Joy', 'score': 0.6418215036392212}, {'name': 'Love', 'score': 0.3926597237586975}, {'name': 'Nostalgia', 'score': 0.07431604713201523}, {'name': 'Pain', 'score': 0.037921614944934845}, {'name': 'Pride', 'score': 0.12210187315940857}, {'name': 'Realization', 'score': 0.1190335750579834}, {'name': 'Relief', 'score': 0.1128416359424591}, {'name': 'Romance', 'score': 0.11007692664861679}, {'name': 'Sadness', 'score': 0.04081208258867264}, {'name': 'Satisfaction', 'score': 0.38895383477211}, {'name': 'Desire', 'score': 0.12504979968070984}, {'name': 'Shame', 'score': 0.026206187903881073}, {'name': 'Surprise (negative)', 'score': 0.02711782418191433}, {'name': 'Surprise (positive)', 'score': 0.05179067701101303}, {'name': 'Sympathy', 'score': 0.060098811984062195}, {'name': 'Tiredness', 'score': 0.06730236858129501}, {'name': 'Triumph', 'score': 0.09377075731754303}]}]}}"
2024-04-27 17:18:02.268238,"{'face': {'warning': 'No faces detected.', 'code': 'W0103'}}"
2024-04-27 17:18:04.000259,"{'face': {'predictions': [{'frame': 0, 'time': None, 'bbox': {'x': 473.2161560058594, 'y': 359.1233215332031, 'w': 395.3873596191406, 'h': 531.4837951660156}, 'prob': 0.9999518394470215, 'face_id': 'face_0', 'emotions': [{'name': 'Admiration', 'score': 0.145847886800766}, {'name': 'Adoration', 'score': 0.13802042603492737}, {'name': 'Aesthetic Appreciation', 'score': 0.08122406899929047}, {'name': 'Amusement', 'score': 0.2660035789012909}, {'name': 'Anger', 'score': 0.08341286331415176}, {'name': 'Anxiety', 'score': 0.14540182054042816}, {'name': 'Awe', 'score': 0.1059989258646965}, {'name': 'Awkwardness', 'score': 0.21177956461906433}, {'name': 'Boredom', 'score': 0.3060261011123657}, {'name': 'Calmness', 'score': 0.3688029646873474}, {'name': 'Concentration', 'score': 0.3661126494407654}, {'name': 'Contemplation', 'score': 0.1960047334432602}, {'name': 'Confusion', 'score': 0.35767215490341187}, {'name': 'Contempt', 'score': 0.15882036089897156}, {'name': 'Contentment', 'score': 0.1822388470172882}, {'name': 'Craving', 'score': 0.05951984226703644}, {'name': 'Determination', 'score': 0.11340147256851196}, {'name': 'Disappointment', 'score': 0.2594214379787445}, {'name': 'Disgust', 'score': 0.10526581853628159}, {'name': 'Distress', 'score': 0.1929384469985962}, {'name': 'Doubt', 'score': 0.2841987609863281}, {'name': 'Ecstasy', 'score': 0.05742661654949188}, {'name': 'Embarrassment', 'score': 0.11298932880163193}, {'name': 'Empathic Pain', 'score': 0.09247303009033203}, {'name': 'Entrancement', 'score': 0.11908276379108429}, {'name': 'Envy', 'score': 0.04864072427153587}, {'name': 'Excitement', 'score': 0.14327998459339142}, {'name': 'Fear', 'score': 0.10458226501941681}, {'name': 'Guilt', 'score': 0.08038011193275452}, {'name': 'Horror', 'score': 0.055300984531641006}, {'name': 'Interest', 'score': 0.35695773363113403}, {'name': 'Joy', 'score': 0.23502416908740997}, {'name': 'Love', 'score': 0.20250333845615387}, {'name': 'Nostalgia', 'score': 0.07746651023626328}, {'name': 'Pain', 'score': 0.14888347685337067}, {'name': 'Pride', 'score': 0.0910581648349762}, {'name': 'Realization', 'score': 0.15008586645126343}, {'name': 'Relief', 'score': 0.08799032121896744}, {'name': 'Romance', 'score': 0.0736575648188591}, {'name': 'Sadness', 'score': 0.21701353788375854}, {'name': 'Satisfaction', 'score': 0.2043582797050476}, {'name': 'Desire', 'score': 0.0815419852733612}, {'name': 'Shame', 'score': 0.07717611640691757}, {'name': 'Surprise (negative)', 'score': 0.06301285326480865}, {'name': 'Surprise (positive)', 'score': 0.05856994912028313}, {'name': 'Sympathy', 'score': 0.07578784227371216}, {'name': 'Tiredness', 'score': 0.19337430596351624}, {'name': 'Triumph', 'score': 0.052416905760765076}]}]}}"
2024-04-27 17:18:05.833339,"{'face': {'predictions': [{'frame': 0, 'time': None, 'bbox': {'x': 530.0496826171875, 'y': 333.2458190917969, 'w': 309.0458984375, 'h': 435.6473693847656}, 'prob': 0.9999868869781494, 'face_id': 'face_0', 'emotions': [{'name': 'Admiration', 'score': 0.17263533174991608}, {'name': 'Adoration', 'score': 0.12495477497577667}, {'name': 'Aesthetic Appreciation', 'score': 0.09631118178367615}, {'name': 'Amusement', 'score': 0.179268479347229}, {'name': 'Anger', 'score': 0.08556555956602097}, {'name': 'Anxiety', 'score': 0.12727421522140503}, {'name': 'Awe', 'score': 0.19264836609363556}, {'name': 'Awkwardness', 'score': 0.18269136548042297}, {'name': 'Boredom', 'score': 0.23694264888763428}, {'name': 'Calmness', 'score': 0.3381427228450775}, {'name': 'Concentration', 'score': 0.40994852781295776}, {'name': 'Contemplation', 'score': 0.24799655377864838}, {'name': 'Confusion', 'score': 0.43548962473869324}, {'name': 'Contempt', 'score': 0.1878478229045868}, {'name': 'Contentment', 'score': 0.13503463566303253}, {'name': 'Craving', 'score': 0.07321228832006454}, {'name': 'Determination', 'score': 0.13727650046348572}, {'name': 'Disappointment', 'score': 0.21704724431037903}, {'name': 'Disgust', 'score': 0.09526100754737854}, {'name': 'Distress', 'score': 0.15490920841693878}, {'name': 'Doubt', 'score': 0.32390785217285156}, {'name': 'Ecstasy', 'score': 0.053386371582746506}, {'name': 'Embarrassment', 'score': 0.08107636868953705}, {'name': 'Empathic Pain', 'score': 0.06389106065034866}, {'name': 'Entrancement', 'score': 0.16789510846138}, {'name': 'Envy', 'score': 0.058838844299316406}, {'name': 'Excitement', 'score': 0.11127593368291855}, {'name': 'Fear', 'score': 0.10999098420143127}, {'name': 'Guilt', 'score': 0.05809461325407028}, {'name': 'Horror', 'score': 0.05778112635016441}, {'name': 'Interest', 'score': 0.36699599027633667}, {'name': 'Joy', 'score': 0.1293450891971588}, {'name': 'Love', 'score': 0.13065411150455475}, {'name': 'Nostalgia', 'score': 0.07862582057714462}, {'name': 'Pain', 'score': 0.08690536767244339}, {'name': 'Pride', 'score': 0.09087211638689041}, {'name': 'Realization', 'score': 0.21978840231895447}, {'name': 'Relief', 'score': 0.10072127729654312}, {'name': 'Romance', 'score': 0.06271252036094666}, {'name': 'Sadness', 'score': 0.12102742493152618}, {'name': 'Satisfaction', 'score': 0.15567243099212646}, {'name': 'Desire', 'score': 0.08495152741670609}, {'name': 'Shame', 'score': 0.05124349519610405}, {'name': 'Surprise (negative)', 'score': 0.07705316692590714}, {'name': 'Surprise (positive)', 'score': 0.08002913743257523}, {'name': 'Sympathy', 'score': 0.053615737706422806}, {'name': 'Tiredness', 'score': 0.16014021635055542}, {'name': 'Triumph', 'score': 0.055021774023771286}]}]}}"
2024-04-27 17:18:07.632769,"{'face': {'predictions': [{'frame': 0, 'time': None, 'bbox': {'x': 534.6372680664062, 'y': 374.8857421875, 'w': 280.61260986328125, 'h': 360.00665283203125}, 'prob': 0.9999077320098877, 'face_id': 'face_0', 'emotions': [{'name': 'Admiration', 'score': 0.15344779193401337}, {'name': 'Adoration', 'score': 0.1143900454044342}, {'name': 'Aesthetic Appreciation', 'score': 0.09257591515779495}, {'name': 'Amusement', 'score': 0.19319824874401093}, {'name': 'Anger', 'score': 0.06785621494054794}, {'name': 'Anxiety', 'score': 0.13061869144439697}, {'name': 'Awe', 'score': 0.15783725678920746}, {'name': 'Awkwardness', 'score': 0.216962069272995}, {'name': 'Boredom', 'score': 0.35071271657943726}, {'name': 'Calmness', 'score': 0.415912926197052}, {'name': 'Concentration', 'score': 0.4439716339111328}, {'name': 'Contemplation', 'score': 0.22958308458328247}, {'name': 'Confusion', 'score': 0.43912747502326965}, {'name': 'Contempt', 'score': 0.17323273420333862}, {'name': 'Contentment', 'score': 0.14165803790092468}, {'name': 'Craving', 'score': 0.08185598999261856}, {'name': 'Determination', 'score': 0.13384363055229187}, {'name': 'Disappointment', 'score': 0.23530840873718262}, {'name': 'Disgust', 'score': 0.0773974359035492}, {'name': 'Distress', 'score': 0.14527156949043274}, {'name': 'Doubt', 'score': 0.343895822763443}, {'name': 'Ecstasy', 'score': 0.044007282704114914}, {'name': 'Embarrassment', 'score': 0.08938804268836975}, {'name': 'Empathic Pain', 'score': 0.06219862401485443}, {'name': 'Entrancement', 'score': 0.15833526849746704}, {'name': 'Envy', 'score': 0.054766569286584854}, {'name': 'Excitement', 'score': 0.10558772832155228}, {'name': 'Fear', 'score': 0.09680819511413574}, {'name': 'Guilt', 'score': 0.06186231970787048}, {'name': 'Horror', 'score': 0.05001738667488098}, {'name': 'Interest', 'score': 0.4100492298603058}, {'name': 'Joy', 'score': 0.12568789720535278}, {'name': 'Love', 'score': 0.13309630751609802}, {'name': 'Nostalgia', 'score': 0.07055217027664185}, {'name': 'Pain', 'score': 0.07196906954050064}, {'name': 'Pride', 'score': 0.07778725773096085}, {'name': 'Realization', 'score': 0.19234821200370789}, {'name': 'Relief', 'score': 0.0850658267736435}, {'name': 'Romance', 'score': 0.06809040158987045}, {'name': 'Sadness', 'score': 0.1295635998249054}, {'name': 'Satisfaction', 'score': 0.1527523398399353}, {'name': 'Desire', 'score': 0.10408890247344971}, {'name': 'Shame', 'score': 0.054962702095508575}, {'name': 'Surprise (negative)', 'score': 0.07708193361759186}, {'name': 'Surprise (positive)', 'score': 0.07990498840808868}, {'name': 'Sympathy', 'score': 0.062358081340789795}, {'name': 'Tiredness', 'score': 0.19953817129135132}, {'name': 'Triumph', 'score': 0.0422305092215538}]}]}}"
2024-04-27 17:18:09.497870,"{'face': {'predictions': [{'frame': 0, 'time': None, 'bbox': {'x': 508.10601806640625, 'y': 336.0761413574219, 'w': 292.00042724609375, 'h': 391.7951354980469}, 'prob': 0.9999955892562866, 'face_id': 'face_0', 'emotions': [{'name': 'Admiration', 'score': 0.21255360543727875}, {'name': 'Adoration', 'score': 0.16780352592468262}, {'name': 'Aesthetic Appreciation', 'score': 0.10823136568069458}, {'name': 'Amusement', 'score': 0.25314417481422424}, {'name': 'Anger', 'score': 0.07501188665628433}, {'name': 'Anxiety', 'score': 0.11777221411466599}, {'name': 'Awe', 'score': 0.1941978633403778}, {'name': 'Awkwardness', 'score': 0.19816485047340393}, {'name': 'Boredom', 'score': 0.2381756454706192}, {'name': 'Calmness', 'score': 0.3741662800312042}, {'name': 'Concentration', 'score': 0.38892418146133423}, {'name': 'Contemplation', 'score': 0.22478169202804565}, {'name': 'Confusion', 'score': 0.37143275141716003}, {'name': 'Contempt', 'score': 0.17776015400886536}, {'name': 'Contentment', 'score': 0.1753392517566681}, {'name': 'Craving', 'score': 0.07395260781049728}, {'name': 'Determination', 'score': 0.1282949000597}, {'name': 'Disappointment', 'score': 0.20176857709884644}, {'name': 'Disgust', 'score': 0.08818609267473221}, {'name': 'Distress', 'score': 0.13981205224990845}, {'name': 'Doubt', 'score': 0.29003196954727173}, {'name': 'Ecstasy', 'score': 0.06296321004629135}, {'name': 'Embarrassment', 'score': 0.08705635368824005}, {'name': 'Empathic Pain', 'score': 0.061656828969717026}, {'name': 'Entrancement', 'score': 0.1678333282470703}, {'name': 'Envy', 'score': 0.060000643134117126}, {'name': 'Excitement', 'score': 0.14904893934726715}, {'name': 'Fear', 'score': 0.10670541971921921}, {'name': 'Guilt', 'score': 0.056680917739868164}, {'name': 'Horror', 'score': 0.05577913671731949}, {'name': 'Interest', 'score': 0.42073264718055725}, {'name': 'Joy', 'score': 0.20213793218135834}, {'name': 'Love', 'score': 0.19153161346912384}, {'name': 'Nostalgia', 'score': 0.08476722240447998}, {'name': 'Pain', 'score': 0.08068086951971054}, {'name': 'Pride', 'score': 0.10528053343296051}, {'name': 'Realization', 'score': 0.2064051628112793}, {'name': 'Relief', 'score': 0.10266176611185074}, {'name': 'Romance', 'score': 0.07778317481279373}, {'name': 'Sadness', 'score': 0.1193615198135376}, {'name': 'Satisfaction', 'score': 0.19654583930969238}, {'name': 'Desire', 'score': 0.08613159507513046}, {'name': 'Shame', 'score': 0.05252866446971893}, {'name': 'Surprise (negative)', 'score': 0.07248866558074951}, {'name': 'Surprise (positive)', 'score': 0.0848822370171547}, {'name': 'Sympathy', 'score': 0.060812998563051224}, {'name': 'Tiredness', 'score': 0.1425630748271942}, {'name': 'Triumph', 'score': 0.06349460780620575}]}]}}"
2024-04-27 17:18:11.222916,"{'face': {'predictions': [{'frame': 0, 'time': None, 'bbox': {'x': 493.8340148925781, 'y': 337.1058349609375, 'w': 229.79269409179688, 'h': 300.05328369140625}, 'prob': 0.9957330822944641, 'face_id': 'face_0', 'emotions': [{'name': 'Admiration', 'score': 0.134541854262352}, {'name': 'Adoration', 'score': 0.1012960746884346}, {'name': 'Aesthetic Appreciation', 'score': 0.07694500684738159}, {'name': 'Amusement', 'score': 0.16175466775894165}, {'name': 'Anger', 'score': 0.04201613366603851}, {'name': 'Anxiety', 'score': 0.2173282355070114}, {'name': 'Awe', 'score': 0.11961432546377182}, {'name': 'Awkwardness', 'score': 0.14548908174037933}, {'name': 'Boredom', 'score': 0.2100909948348999}, {'name': 'Calmness', 'score': 0.24815019965171814}, {'name': 'Concentration', 'score': 0.585842490196228}, {'name': 'Contemplation', 'score': 0.5123790502548218}, {'name': 'Confusion', 'score': 0.4200223386287689}, {'name': 'Contempt', 'score': 0.08991606533527374}, {'name': 'Contentment', 'score': 0.09668224304914474}, {'name': 'Craving', 'score': 0.07722188532352448}, {'name': 'Determination', 'score': 0.13336113095283508}, {'name': 'Disappointment', 'score': 0.1932072788476944}, {'name': 'Disgust', 'score': 0.04874382168054581}, {'name': 'Distress', 'score': 0.2158997803926468}, {'name': 'Doubt', 'score': 0.39542829990386963}, {'name': 'Ecstasy', 'score': 0.03786908835172653}, {'name': 'Embarrassment', 'score': 0.08294640481472015}, {'name': 'Empathic Pain', 'score': 0.07615125924348831}, {'name': 'Entrancement', 'score': 0.14745625853538513}, {'name': 'Envy', 'score': 0.041167888790369034}, {'name': 'Excitement', 'score': 0.09026570618152618}, {'name': 'Fear', 'score': 0.15375126898288727}, {'name': 'Guilt', 'score': 0.09287778288125992}, {'name': 'Horror', 'score': 0.0585038997232914}, {'name': 'Interest', 'score': 0.3984275162220001}, {'name': 'Joy', 'score': 0.10779457539319992}, {'name': 'Love', 'score': 0.11070229858160019}, {'name': 'Nostalgia', 'score': 0.07825702428817749}, {'name': 'Pain', 'score': 0.10065652430057526}, {'name': 'Pride', 'score': 0.052151650190353394}, {'name': 'Realization', 'score': 0.21586480736732483}, {'name': 'Relief', 'score': 0.04765751212835312}, {'name': 'Romance', 'score': 0.06298874318599701}, {'name': 'Sadness', 'score': 0.18852227926254272}, {'name': 'Satisfaction', 'score': 0.10567642003297806}, {'name': 'Desire', 'score': 0.08379720151424408}, {'name': 'Shame', 'score': 0.06275292485952377}, {'name': 'Surprise (negative)', 'score': 0.0585053414106369}, {'name': 'Surprise (positive)', 'score': 0.053607914596796036}, {'name': 'Sympathy', 'score': 0.06524504721164703}, {'name': 'Tiredness', 'score': 0.11375530064105988}, {'name': 'Triumph', 'score': 0.029343336820602417}]}]}}"
2024-04-27 17:18:12.896870,"{'face': {'predictions': [{'frame': 0, 'time': None, 'bbox': {'x': 501.197998046875, 'y': 310.8483581542969, 'w': 225.7291259765625, 'h': 327.6762390136719}, 'prob': 0.999995231628418, 'face_id': 'face_0', 'emotions': [{'name': 'Admiration', 'score': 0.22640801966190338}, {'name': 'Adoration', 'score': 0.15171276032924652}, {'name': 'Aesthetic Appreciation', 'score': 0.109839528799057}, {'name': 'Amusement', 'score': 0.22294357419013977}, {'name': 'Anger', 'score': 0.07820375263690948}, {'name': 'Anxiety', 'score': 0.11785055696964264}, {'name': 'Awe', 'score': 0.2791489362716675}, {'name': 'Awkwardness', 'score': 0.17310839891433716}, {'name': 'Boredom', 'score': 0.20912975072860718}, {'name': 'Calmness', 'score': 0.3379679322242737}, {'name': 'Concentration', 'score': 0.4429844617843628}, {'name': 'Contemplation', 'score': 0.26277410984039307}, {'name': 'Confusion', 'score': 0.3402324616909027}, {'name': 'Contempt', 'score': 0.1484074890613556}, {'name': 'Contentment', 'score': 0.14215987920761108}, {'name': 'Craving', 'score': 0.0837177038192749}, {'name': 'Determination', 'score': 0.15735848248004913}, {'name': 'Disappointment', 'score': 0.18216358125209808}, {'name': 'Disgust', 'score': 0.06226876378059387}, {'name': 'Distress', 'score': 0.12785780429840088}, {'name': 'Doubt', 'score': 0.28578779101371765}, {'name': 'Ecstasy', 'score': 0.057698484510183334}, {'name': 'Embarrassment', 'score': 0.07666005939245224}, {'name': 'Empathic Pain', 'score': 0.055193062871694565}, {'name': 'Entrancement', 'score': 0.19040602445602417}, {'name': 'Envy', 'score': 0.061430077999830246}, {'name': 'Excitement', 'score': 0.15058521926403046}, {'name': 'Fear', 'score': 0.12924228608608246}, {'name': 'Guilt', 'score': 0.05626717209815979}, {'name': 'Horror', 'score': 0.07149489223957062}, {'name': 'Interest', 'score': 0.4346081018447876}, {'name': 'Joy', 'score': 0.15191765129566193}, {'name': 'Love', 'score': 0.14358492195606232}, {'name': 'Nostalgia', 'score': 0.0840771347284317}, {'name': 'Pain', 'score': 0.06431275606155396}, {'name': 'Pride', 'score': 0.10353618860244751}, {'name': 'Realization', 'score': 0.24333366751670837}, {'name': 'Relief', 'score': 0.0848870724439621}, {'name': 'Romance', 'score': 0.06353548914194107}, {'name': 'Sadness', 'score': 0.10512912273406982}, {'name': 'Satisfaction', 'score': 0.15621024370193481}, {'name': 'Desire', 'score': 0.07127626985311508}, {'name': 'Shame', 'score': 0.04559335857629776}, {'name': 'Surprise (negative)', 'score': 0.09395764768123627}, {'name': 'Surprise (positive)', 'score': 0.12644222378730774}, {'name': 'Sympathy', 'score': 0.05611792951822281}, {'name': 'Tiredness', 'score': 0.119331955909729}, {'name': 'Triumph', 'score': 0.06505408883094788}]}]}}"
2024-04-27 17:18:14.696297,"{'face': {'predictions': [{'frame': 0, 'time': None, 'bbox': {'x': 459.8440246582031, 'y': 326.42803955078125, 'w': 271.4966735839844, 'h': 381.84619140625}, 'prob': 0.9999934434890747, 'face_id': 'face_0', 'emotions': [{'name': 'Admiration', 'score': 0.22006230056285858}, {'name': 'Adoration', 'score': 0.16528598964214325}, {'name': 'Aesthetic Appreciation', 'score': 0.11694948375225067}, {'name': 'Amusement', 'score': 0.20527209341526031}, {'name': 'Anger', 'score': 0.07285655289888382}, {'name': 'Anxiety', 'score': 0.11055514961481094}, {'name': 'Awe', 'score': 0.14262939989566803}, {'name': 'Awkwardness', 'score': 0.1806793361902237}, {'name': 'Boredom', 'score': 0.27025261521339417}, {'name': 'Calmness', 'score': 0.49559980630874634}, {'name': 'Concentration', 'score': 0.5148653984069824}, {'name': 'Contemplation', 'score': 0.28726881742477417}, {'name': 'Confusion', 'score': 0.2730158567428589}, {'name': 'Contempt', 'score': 0.17601215839385986}, {'name': 'Contentment', 'score': 0.18918024003505707}, {'name': 'Craving', 'score': 0.08220740407705307}, {'name': 'Determination', 'score': 0.17808854579925537}, {'name': 'Disappointment', 'score': 0.20107032358646393}, {'name': 'Disgust', 'score': 0.0552089624106884}, {'name': 'Distress', 'score': 0.11036673933267593}, {'name': 'Doubt', 'score': 0.277338445186615}, {'name': 'Ecstasy', 'score': 0.04173458367586136}, {'name': 'Embarrassment', 'score': 0.0782521441578865}, {'name': 'Empathic Pain', 'score': 0.05140148475766182}, {'name': 'Entrancement', 'score': 0.1774815022945404}, {'name': 'Envy', 'score': 0.06642992049455643}, {'name': 'Excitement', 'score': 0.1067352369427681}, {'name': 'Fear', 'score': 0.07943735271692276}, {'name': 'Guilt', 'score': 0.06027656048536301}, {'name': 'Horror', 'score': 0.03262433782219887}, {'name': 'Interest', 'score': 0.4610082507133484}, {'name': 'Joy', 'score': 0.151541069149971}, {'name': 'Love', 'score': 0.17563214898109436}, {'name': 'Nostalgia', 'score': 0.0944143533706665}, {'name': 'Pain', 'score': 0.05140937864780426}, {'name': 'Pride', 'score': 0.11882401257753372}, {'name': 'Realization', 'score': 0.18978334963321686}, {'name': 'Relief', 'score': 0.08060633391141891}, {'name': 'Romance', 'score': 0.07877900451421738}, {'name': 'Sadness', 'score': 0.1160798966884613}, {'name': 'Satisfaction', 'score': 0.17856958508491516}, {'name': 'Desire', 'score': 0.07295037060976028}, {'name': 'Shame', 'score': 0.05222272127866745}, {'name': 'Surprise (negative)', 'score': 0.0436481237411499}, {'name': 'Surprise (positive)', 'score': 0.054879024624824524}, {'name': 'Sympathy', 'score': 0.06424061208963394}, {'name': 'Tiredness', 'score': 0.13170507550239563}, {'name': 'Triumph', 'score': 0.054451197385787964}]}]}}"
2024-04-27 17:18:16.587698,"{'face': {'predictions': [{'frame': 0, 'time': None, 'bbox': {'x': 521.5861206054688, 'y': 350.1880187988281, 'w': 249.3443603515625, 'h': 374.3652648925781}, 'prob': 0.9999926090240479, 'face_id': 'face_0', 'emotions': [{'name': 'Admiration', 'score': 0.25718143582344055}, {'name': 'Adoration', 'score': 0.20168690383434296}, {'name': 'Aesthetic Appreciation', 'score': 0.12143418192863464}, {'name': 'Amusement', 'score': 0.29680752754211426}, {'name': 'Anger', 'score': 0.06200409308075905}, {'name': 'Anxiety', 'score': 0.09969864785671234}, {'name': 'Awe', 'score': 0.19253358244895935}, {'name': 'Awkwardness', 'score': 0.1902315616607666}, {'name': 'Boredom', 'score': 0.20703761279582977}, {'name': 'Calmness', 'score': 0.39410141110420227}, {'name': 'Concentration', 'score': 0.42008957266807556}, {'name': 'Contemplation', 'score': 0.239693745970726}, {'name': 'Confusion', 'score': 0.28359273076057434}, {'name': 'Contempt', 'score': 0.15382513403892517}, {'name': 'Contentment', 'score': 0.19596964120864868}, {'name': 'Craving', 'score': 0.08180885761976242}, {'name': 'Determination', 'score': 0.14208146929740906}, {'name': 'Disappointment', 'score': 0.1611839234828949}, {'name': 'Disgust', 'score': 0.05922346189618111}, {'name': 'Distress', 'score': 0.10333049297332764}, {'name': 'Doubt', 'score': 0.2507677674293518}, {'name': 'Ecstasy', 'score': 0.06075356528162956}, {'name': 'Embarrassment', 'score': 0.07906954735517502}, {'name': 'Empathic Pain', 'score': 0.04729441925883293}, {'name': 'Entrancement', 'score': 0.1727074384689331}, {'name': 'Envy', 'score': 0.0610407218337059}, {'name': 'Excitement', 'score': 0.17204631865024567}, {'name': 'Fear', 'score': 0.0883917510509491}, {'name': 'Guilt', 'score': 0.04948268085718155}, {'name': 'Horror', 'score': 0.043677181005477905}, {'name': 'Interest', 'score': 0.487583726644516}, {'name': 'Joy', 'score': 0.23682063817977905}, {'name': 'Love', 'score': 0.21985499560832977}, {'name': 'Nostalgia', 'score': 0.0891331285238266}, {'name': 'Pain', 'score': 0.05146528407931328}, {'name': 'Pride', 'score': 0.12254354357719421}, {'name': 'Realization', 'score': 0.1972651332616806}, {'name': 'Relief', 'score': 0.09048987925052643}, {'name': 'Romance', 'score': 0.08575954288244247}, {'name': 'Sadness', 'score': 0.0901518315076828}, {'name': 'Satisfaction', 'score': 0.21210752427577972}, {'name': 'Desire', 'score': 0.07956080138683319}, {'name': 'Shame', 'score': 0.044742897152900696}, {'name': 'Surprise (negative)', 'score': 0.05662357434630394}, {'name': 'Surprise (positive)', 'score': 0.08016252517700195}, {'name': 'Sympathy', 'score': 0.06211492419242859}, {'name': 'Tiredness', 'score': 0.10387387871742249}, {'name': 'Triumph', 'score': 0.06942066550254822}]}]}}"
2024-04-27 17:18:18.327940,"{'face': {'predictions': [{'frame': 0, 'time': None, 'bbox': {'x': 463.9806823730469, 'y': 334.3344421386719, 'w': 254.31387329101562, 'h': 361.5592346191406}, 'prob': 0.9999895095825195, 'face_id': 'face_0', 'emotions': [{'name': 'Admiration', 'score': 0.2840162217617035}, {'name': 'Adoration', 'score': 0.213163822889328}, {'name': 'Aesthetic Appreciation', 'score': 0.13289956748485565}, {'name': 'Amusement', 'score': 0.28044337034225464}, {'name': 'Anger', 'score': 0.05580505356192589}, {'name': 'Anxiety', 'score': 0.09593807905912399}, {'name': 'Awe', 'score': 0.2121724933385849}, {'name': 'Awkwardness', 'score': 0.1766437143087387}, {'name': 'Boredom', 'score': 0.2083590030670166}, {'name': 'Calmness', 'score': 0.4237675666809082}, {'name': 'Concentration', 'score': 0.46704965829849243}, {'name': 'Contemplation', 'score': 0.272724986076355}, {'name': 'Confusion', 'score': 0.2832970917224884}, {'name': 'Contempt', 'score': 0.14795289933681488}, {'name': 'Contentment', 'score': 0.19832080602645874}, {'name': 'Craving', 'score': 0.0810508131980896}, {'name': 'Determination', 'score': 0.15015891194343567}, {'name': 'Disappointment', 'score': 0.1528264433145523}, {'name': 'Disgust', 'score': 0.04937514290213585}, {'name': 'Distress', 'score': 0.09525088965892792}, {'name': 'Doubt', 'score': 0.25705575942993164}, {'name': 'Ecstasy', 'score': 0.05586262419819832}, {'name': 'Embarrassment', 'score': 0.0723370686173439}, {'name': 'Empathic Pain', 'score': 0.04383697360754013}, {'name': 'Entrancement', 'score': 0.19497467577457428}, {'name': 'Envy', 'score': 0.06420747935771942}, {'name': 'Excitement', 'score': 0.16063809394836426}, {'name': 'Fear', 'score': 0.08420862257480621}, {'name': 'Guilt', 'score': 0.048053525388240814}, {'name': 'Horror', 'score': 0.04018207639455795}, {'name': 'Interest', 'score': 0.5315364599227905}, {'name': 'Joy', 'score': 0.2211812287569046}, {'name': 'Love', 'score': 0.21776683628559113}, {'name': 'Nostalgia', 'score': 0.09652245789766312}, {'name': 'Pain', 'score': 0.04325462505221367}, {'name': 'Pride', 'score': 0.12309915572404861}, {'name': 'Realization', 'score': 0.21274608373641968}, {'name': 'Relief', 'score': 0.08920039981603622}, {'name': 'Romance', 'score': 0.08572490513324738}, {'name': 'Sadness', 'score': 0.08537812530994415}, {'name': 'Satisfaction', 'score': 0.1992911547422409}, {'name': 'Desire', 'score': 0.07083498686552048}, {'name': 'Shame', 'score': 0.04219993203878403}, {'name': 'Surprise (negative)', 'score': 0.05437679961323738}, {'name': 'Surprise (positive)', 'score': 0.08518494665622711}, {'name': 'Sympathy', 'score': 0.06405507028102875}, {'name': 'Tiredness', 'score': 0.10094091296195984}, {'name': 'Triumph', 'score': 0.06509074568748474}]}]}}"
2024-04-27 17:18:20.160265,"{'face': {'predictions': [{'frame': 0, 'time': None, 'bbox': {'x': 462.0653076171875, 'y': 323.4898986816406, 'w': 253.99945068359375, 'h': 379.3913879394531}, 'prob': 0.9999955892562866, 'face_id': 'face_0', 'emotions': [{'name': 'Admiration', 'score': 0.19065141677856445}, {'name': 'Adoration', 'score': 0.12957753241062164}, {'name': 'Aesthetic Appreciation', 'score': 0.0995514839887619}, {'name': 'Amusement', 'score': 0.1899663507938385}, {'name': 'Anger', 'score': 0.09755774587392807}, {'name': 'Anxiety', 'score': 0.13126535713672638}, {'name': 'Awe', 'score': 0.22124353051185608}, {'name': 'Awkwardness', 'score': 0.17925506830215454}, {'name': 'Boredom', 'score': 0.23362882435321808}, {'name': 'Calmness', 'score': 0.34614861011505127}, {'name': 'Concentration', 'score': 0.4490409195423126}, {'name': 'Contemplation', 'score': 0.260921448469162}, {'name': 'Confusion', 'score': 0.3488091826438904}, {'name': 'Contempt', 'score': 0.16935883462429047}, {'name': 'Contentment', 'score': 0.13558429479599}, {'name': 'Craving', 'score': 0.07958079874515533}, {'name': 'Determination', 'score': 0.1636934131383896}, {'name': 'Disappointment', 'score': 0.2134244292974472}, {'name': 'Disgust', 'score': 0.08011230826377869}, {'name': 'Distress', 'score': 0.14843478798866272}, {'name': 'Doubt', 'score': 0.29905083775520325}, {'name': 'Ecstasy', 'score': 0.05104837939143181}, {'name': 'Embarrassment', 'score': 0.08215819299221039}, {'name': 'Empathic Pain', 'score': 0.0655415803194046}, {'name': 'Entrancement', 'score': 0.17290441691875458}, {'name': 'Envy', 'score': 0.06348681449890137}, {'name': 'Excitement', 'score': 0.1229623556137085}, {'name': 'Fear', 'score': 0.13569781184196472}, {'name': 'Guilt', 'score': 0.06398207694292068}, {'name': 'Horror', 'score': 0.07059553265571594}, {'name': 'Interest', 'score': 0.3881441056728363}, {'name': 'Joy', 'score': 0.12952347099781036}, {'name': 'Love', 'score': 0.12686850130558014}, {'name': 'Nostalgia', 'score': 0.08242908865213394}, {'name': 'Pain', 'score': 0.08117295801639557}, {'name': 'Pride', 'score': 0.10040974617004395}, {'name': 'Realization', 'score': 0.22179044783115387}, {'name': 'Relief', 'score': 0.07908828556537628}, {'name': 'Romance', 'score': 0.058552421629428864}, {'name': 'Sadness', 'score': 0.1360449492931366}, {'name': 'Satisfaction', 'score': 0.144942045211792}, {'name': 'Desire', 'score': 0.0684463307261467}, {'name': 'Shame', 'score': 0.0520276241004467}, {'name': 'Surprise (negative)', 'score': 0.08663226664066315}, {'name': 'Surprise (positive)', 'score': 0.09771101176738739}, {'name': 'Sympathy', 'score': 0.05710862949490547}, {'name': 'Tiredness', 'score': 0.13191473484039307}, {'name': 'Triumph', 'score': 0.060089267790317535}]}]}}"
2024-04-27 17:18:22.060058,"{'face': {'predictions': [{'frame': 0, 'time': None, 'bbox': {'x': 489.6611328125, 'y': 331.1800842285156, 'w': 253.97698974609375, 'h': 371.0643615722656}, 'prob': 0.999996542930603, 'face_id': 'face_0', 'emotions': [{'name': 'Admiration', 'score': 0.19568608701229095}, {'name': 'Adoration', 'score': 0.138843834400177}, {'name': 'Aesthetic Appreciation', 'score': 0.10159969329833984}, {'name': 'Amusement', 'score': 0.21328994631767273}, {'name': 'Anger', 'score': 0.08887683600187302}, {'name': 'Anxiety', 'score': 0.12382055819034576}, {'name': 'Awe', 'score': 0.19541485607624054}, {'name': 'Awkwardness', 'score': 0.18686272203922272}, {'name': 'Boredom', 'score': 0.2235334813594818}, {'name': 'Calmness', 'score': 0.3630187213420868}, {'name': 'Concentration', 'score': 0.457498162984848}, {'name': 'Contemplation', 'score': 0.2524077892303467}, {'name': 'Confusion', 'score': 0.3555908203125}, {'name': 'Contempt', 'score': 0.16829010844230652}, {'name': 'Contentment', 'score': 0.14727817475795746}, {'name': 'Craving', 'score': 0.07912077009677887}, {'name': 'Determination', 'score': 0.15870583057403564}, {'name': 'Disappointment', 'score': 0.20191779732704163}, {'name': 'Disgust', 'score': 0.07920213788747787}, {'name': 'Distress', 'score': 0.13642556965351105}, {'name': 'Doubt', 'score': 0.2975178062915802}, {'name': 'Ecstasy', 'score': 0.05068011209368706}, {'name': 'Embarrassment', 'score': 0.08215765655040741}, {'name': 'Empathic Pain', 'score': 0.06092363968491554}, {'name': 'Entrancement', 'score': 0.16776999831199646}, {'name': 'Envy', 'score': 0.0626634955406189}, {'name': 'Excitement', 'score': 0.1312185376882553}, {'name': 'Fear', 'score': 0.11597142368555069}, {'name': 'Guilt', 'score': 0.06038038060069084}, {'name': 'Horror', 'score': 0.05911939963698387}, {'name': 'Interest', 'score': 0.423841655254364}, {'name': 'Joy', 'score': 0.15310947597026825}, {'name': 'Love', 'score': 0.14557386934757233}, {'name': 'Nostalgia', 'score': 0.07948032766580582}, {'name': 'Pain', 'score': 0.07241947948932648}, {'name': 'Pride', 'score': 0.09999639540910721}, {'name': 'Realization', 'score': 0.2087251842021942}, {'name': 'Relief', 'score': 0.07795603573322296}, {'name': 'Romance', 'score': 0.06442517787218094}, {'name': 'Sadness', 'score': 0.12394307553768158}, {'name': 'Satisfaction', 'score': 0.1557183712720871}, {'name': 'Desire', 'score': 0.07282020151615143}, {'name': 'Shame', 'score': 0.050516486167907715}, {'name': 'Surprise (negative)', 'score': 0.07698705792427063}, {'name': 'Surprise (positive)', 'score': 0.09072759002447128}, {'name': 'Sympathy', 'score': 0.05915941298007965}, {'name': 'Tiredness', 'score': 0.12447363883256912}, {'name': 'Triumph', 'score': 0.05801570042967796}]}]}}"
2024-04-27 17:18:23.958054,"{'face': {'predictions': [{'frame': 0, 'time': None, 'bbox': {'x': 479.91961669921875, 'y': 320.3265686035156, 'w': 243.50189208984375, 'h': 375.9098815917969}, 'prob': 0.9999977350234985, 'face_id': 'face_0', 'emotions': [{'name': 'Admiration', 'score': 0.18347808718681335}, {'name': 'Adoration', 'score': 0.12501685321331024}, {'name': 'Aesthetic Appreciation', 'score': 0.09541135281324387}, {'name': 'Amusement', 'score': 0.20256265997886658}, {'name': 'Anger', 'score': 0.09897635877132416}, {'name': 'Anxiety', 'score': 0.12894797325134277}, {'name': 'Awe', 'score': 0.2122296690940857}, {'name': 'Awkwardness', 'score': 0.1880546659231186}, {'name': 'Boredom', 'score': 0.2109220325946808}, {'name': 'Calmness', 'score': 0.32429686188697815}, {'name': 'Concentration', 'score': 0.4321715831756592}, {'name': 'Contemplation', 'score': 0.2406763732433319}, {'name': 'Confusion', 'score': 0.3563452661037445}, {'name': 'Contempt', 'score': 0.16647842526435852}, {'name': 'Contentment', 'score': 0.13096922636032104}, {'name': 'Craving', 'score': 0.08042553067207336}, {'name': 'Determination', 'score': 0.1616036593914032}, {'name': 'Disappointment', 'score': 0.20437872409820557}, {'name': 'Disgust', 'score': 0.08126286417245865}, {'name': 'Distress', 'score': 0.14271382987499237}, {'name': 'Doubt', 'score': 0.2951868772506714}, {'name': 'Ecstasy', 'score': 0.051513951271772385}, {'name': 'Embarrassment', 'score': 0.08297526836395264}, {'name': 'Empathic Pain', 'score': 0.061152320355176926}, {'name': 'Entrancement', 'score': 0.1640900820493698}, {'name': 'Envy', 'score': 0.06142140179872513}, {'name': 'Excitement', 'score': 0.13244983553886414}, {'name': 'Fear', 'score': 0.1290643960237503}, {'name': 'Guilt', 'score': 0.06044355779886246}, {'name': 'Horror', 'score': 0.06915602087974548}, {'name': 'Interest', 'score': 0.3952315151691437}, {'name': 'Joy', 'score': 0.13837257027626038}, {'name': 'Love', 'score': 0.12792253494262695}, {'name': 'Nostalgia', 'score': 0.07458421587944031}, {'name': 'Pain', 'score': 0.0744866132736206}, {'name': 'Pride', 'score': 0.09660696983337402}, {'name': 'Realization', 'score': 0.21350759267807007}, {'name': 'Relief', 'score': 0.07408501952886581}, {'name': 'Romance', 'score': 0.058403052389621735}, {'name': 'Sadness', 'score': 0.11793520301580429}, {'name': 'Satisfaction', 'score': 0.14434479176998138}, {'name': 'Desire', 'score': 0.07243064790964127}, {'name': 'Shame', 'score': 0.049934014678001404}, {'name': 'Surprise (negative)', 'score': 0.08797766268253326}, {'name': 'Surprise (positive)', 'score': 0.09983021020889282}, {'name': 'Sympathy', 'score': 0.05435982346534729}, {'name': 'Tiredness', 'score': 0.11991839855909348}, {'name': 'Triumph', 'score': 0.059715475887060165}]}]}}"
2024-04-27 17:18:25.691876,"{'face': {'predictions': [{'frame': 0, 'time': None, 'bbox': {'x': 493.0698547363281, 'y': 338.4080810546875, 'w': 240.16281127929688, 'h': 327.891357421875}, 'prob': 0.9999817609786987, 'face_id': 'face_0', 'emotions': [{'name': 'Admiration', 'score': 0.143690824508667}, {'name': 'Adoration', 'score': 0.11092447489500046}, {'name': 'Aesthetic Appreciation', 'score': 0.08284125477075577}, {'name': 'Amusement', 'score': 0.19651605188846588}, {'name': 'Anger', 'score': 0.14593766629695892}, {'name': 'Anxiety', 'score': 0.1368941217660904}, {'name': 'Awe', 'score': 0.1298738569021225}, {'name': 'Awkwardness', 'score': 0.21796508133411407}, {'name': 'Boredom', 'score': 0.24312962591648102}, {'name': 'Calmness', 'score': 0.31929105520248413}, {'name': 'Concentration', 'score': 0.38086989521980286}, {'name': 'Contemplation', 'score': 0.21087080240249634}, {'name': 'Confusion', 'score': 0.39629337191581726}, {'name': 'Contempt', 'score': 0.25462329387664795}, {'name': 'Contentment', 'score': 0.141291081905365}, {'name': 'Craving', 'score': 0.06805489957332611}, {'name': 'Determination', 'score': 0.15554143488407135}, {'name': 'Disappointment', 'score': 0.27056610584259033}, {'name': 'Disgust', 'score': 0.16780272126197815}, {'name': 'Distress', 'score': 0.1745760589838028}, {'name': 'Doubt', 'score': 0.32938700914382935}, {'name': 'Ecstasy', 'score': 0.04631573334336281}, {'name': 'Embarrassment', 'score': 0.1002633273601532}, {'name': 'Empathic Pain', 'score': 0.08180217444896698}, {'name': 'Entrancement', 'score': 0.12626191973686218}, {'name': 'Envy', 'score': 0.06921414285898209}, {'name': 'Excitement', 'score': 0.11220671236515045}, {'name': 'Fear', 'score': 0.10892381519079208}, {'name': 'Guilt', 'score': 0.06777854263782501}, {'name': 'Horror', 'score': 0.059132955968379974}, {'name': 'Interest', 'score': 0.336270272731781}, {'name': 'Joy', 'score': 0.14201396703720093}, {'name': 'Love', 'score': 0.13021250069141388}, {'name': 'Nostalgia', 'score': 0.0734318345785141}, {'name': 'Pain', 'score': 0.11536344885826111}, {'name': 'Pride', 'score': 0.10548445582389832}, {'name': 'Realization', 'score': 0.172227144241333}, {'name': 'Relief', 'score': 0.07084577530622482}, {'name': 'Romance', 'score': 0.055008675903081894}, {'name': 'Sadness', 'score': 0.16171494126319885}, {'name': 'Satisfaction', 'score': 0.15164074301719666}, {'name': 'Desire', 'score': 0.06613609939813614}, {'name': 'Shame', 'score': 0.06636153906583786}, {'name': 'Surprise (negative)', 'score': 0.0713931992650032}, {'name': 'Surprise (positive)', 'score': 0.06126552075147629}, {'name': 'Sympathy', 'score': 0.060957685112953186}, {'name': 'Tiredness', 'score': 0.14052152633666992}, {'name': 'Triumph', 'score': 0.0608796626329422}]}]}}"
2024-04-27 17:18:27.556646,"{'face': {'predictions': [{'frame': 0, 'time': None, 'bbox': {'x': 469.7769775390625, 'y': 319.7277526855469, 'w': 244.75311279296875, 'h': 337.2694396972656}, 'prob': 0.9999960660934448, 'face_id': 'face_0', 'emotions': [{'name': 'Admiration', 'score': 0.22137144207954407}, {'name': 'Adoration', 'score': 0.1538555771112442}, {'name': 'Aesthetic Appreciation', 'score': 0.1117265373468399}, {'name': 'Amusement', 'score': 0.2150476574897766}, {'name': 'Anger', 'score': 0.08170948922634125}, {'name': 'Anxiety', 'score': 0.11848126351833344}, {'name': 'Awe', 'score': 0.21386180818080902}, {'name': 'Awkwardness', 'score': 0.1769191324710846}, {'name': 'Boredom', 'score': 0.23210754990577698}, {'name': 'Calmness', 'score': 0.391558438539505}, {'name': 'Concentration', 'score': 0.48689746856689453}, {'name': 'Contemplation', 'score': 0.27946656942367554}, {'name': 'Confusion', 'score': 0.33132562041282654}, {'name': 'Contempt', 'score': 0.16307957470417023}, {'name': 'Contentment', 'score': 0.15710635483264923}, {'name': 'Craving', 'score': 0.0793958529829979}, {'name': 'Determination', 'score': 0.16780006885528564}, {'name': 'Disappointment', 'score': 0.19322162866592407}, {'name': 'Disgust', 'score': 0.06470128893852234}, {'name': 'Distress', 'score': 0.12586265802383423}, {'name': 'Doubt', 'score': 0.29544341564178467}, {'name': 'Ecstasy', 'score': 0.049389809370040894}, {'name': 'Embarrassment', 'score': 0.07719407975673676}, {'name': 'Empathic Pain', 'score': 0.056410811841487885}, {'name': 'Entrancement', 'score': 0.18392683565616608}, {'name': 'Envy', 'score': 0.06547090411186218}, {'name': 'Excitement', 'score': 0.13126468658447266}, {'name': 'Fear', 'score': 0.11074288934469223}, {'name': 'Guilt', 'score': 0.058604929596185684}, {'name': 'Horror', 'score': 0.05453142523765564}, {'name': 'Interest', 'score': 0.45359042286872864}, {'name': 'Joy', 'score': 0.15343758463859558}, {'name': 'Love', 'score': 0.15276791155338287}, {'name': 'Nostalgia', 'score': 0.08800673484802246}, {'name': 'Pain', 'score': 0.06202492490410805}, {'name': 'Pride', 'score': 0.10905042290687561}, {'name': 'Realization', 'score': 0.22053301334381104}, {'name': 'Relief', 'score': 0.07929271459579468}, {'name': 'Romance', 'score': 0.06635361164808273}, {'name': 'Sadness', 'score': 0.11745554208755493}, {'name': 'Satisfaction', 'score': 0.1582290232181549}, {'name': 'Desire', 'score': 0.06627193838357925}, {'name': 'Shame', 'score': 0.048534177243709564}, {'name': 'Surprise (negative)', 'score': 0.07176828384399414}, {'name': 'Surprise (positive)', 'score': 0.09360846132040024}, {'name': 'Sympathy', 'score': 0.061268098652362823}, {'name': 'Tiredness', 'score': 0.12120983749628067}, {'name': 'Triumph', 'score': 0.05945918709039688}]}]}}"
2024-04-27 17:18:29.390726,"{'face': {'predictions': [{'frame': 0, 'time': None, 'bbox': {'x': 469.94189453125, 'y': 328.7527770996094, 'w': 254.82513427734375, 'h': 383.7185363769531}, 'prob': 0.9999942779541016, 'face_id': 'face_0', 'emotions': [{'name': 'Admiration', 'score': 0.3290014863014221}, {'name': 'Adoration', 'score': 0.26831990480422974}, {'name': 'Aesthetic Appreciation', 'score': 0.1424209475517273}, {'name': 'Amusement', 'score': 0.34585708379745483}, {'name': 'Anger', 'score': 0.0486556738615036}, {'name': 'Anxiety', 'score': 0.08164915442466736}, {'name': 'Awe', 'score': 0.23078951239585876}, {'name': 'Awkwardness', 'score': 0.16460345685482025}, {'name': 'Boredom', 'score': 0.1840602308511734}, {'name': 'Calmness', 'score': 0.385996013879776}, {'name': 'Concentration', 'score': 0.3978826701641083}, {'name': 'Contemplation', 'score': 0.2493530511856079}, {'name': 'Confusion', 'score': 0.2629605531692505}, {'name': 'Contempt', 'score': 0.1368798464536667}, {'name': 'Contentment', 'score': 0.21932275593280792}, {'name': 'Craving', 'score': 0.08025974780321121}, {'name': 'Determination', 'score': 0.12969820201396942}, {'name': 'Disappointment', 'score': 0.13220667839050293}, {'name': 'Disgust', 'score': 0.04793166369199753}, {'name': 'Distress', 'score': 0.08713716268539429}, {'name': 'Doubt', 'score': 0.22752079367637634}, {'name': 'Ecstasy', 'score': 0.07327935844659805}, {'name': 'Embarrassment', 'score': 0.06697927415370941}, {'name': 'Empathic Pain', 'score': 0.04009687900543213}, {'name': 'Entrancement', 'score': 0.19335933029651642}, {'name': 'Envy', 'score': 0.05964425951242447}, {'name': 'Excitement', 'score': 0.20378024876117706}, {'name': 'Fear', 'score': 0.07612564414739609}, {'name': 'Guilt', 'score': 0.04059659317135811}, {'name': 'Horror', 'score': 0.037940043956041336}, {'name': 'Interest', 'score': 0.5333623886108398}, {'name': 'Joy', 'score': 0.2988290786743164}, {'name': 'Love', 'score': 0.28432321548461914}, {'name': 'Nostalgia', 'score': 0.10020028054714203}, {'name': 'Pain', 'score': 0.044198501855134964}, {'name': 'Pride', 'score': 0.13849514722824097}, {'name': 'Realization', 'score': 0.2090764045715332}, {'name': 'Relief', 'score': 0.10505370050668716}, {'name': 'Romance', 'score': 0.10084613412618637}, {'name': 'Sadness', 'score': 0.07431784272193909}, {'name': 'Satisfaction', 'score': 0.24911358952522278}, {'name': 'Desire', 'score': 0.08062496036291122}, {'name': 'Shame', 'score': 0.03745792806148529}, {'name': 'Surprise (negative)', 'score': 0.04825381934642792}, {'name': 'Surprise (positive)', 'score': 0.0806199237704277}, {'name': 'Sympathy', 'score': 0.06003279238939285}, {'name': 'Tiredness', 'score': 0.0926174521446228}, {'name': 'Triumph', 'score': 0.08163154125213623}]}]}}"
2024-04-27 17:18:31.211149,"{'face': {'predictions': [{'frame': 0, 'time': None, 'bbox': {'x': 472.72698974609375, 'y': 327.46673583984375, 'w': 246.50048828125, 'h': 351.91961669921875}, 'prob': 0.9999991655349731, 'face_id': 'face_0', 'emotions': [{'name': 'Admiration', 'score': 0.28897956013679504}, {'name': 'Adoration', 'score': 0.23338691890239716}, {'name': 'Aesthetic Appreciation', 'score': 0.13119223713874817}, {'name': 'Amusement', 'score': 0.326368123292923}, {'name': 'Anger', 'score': 0.0565367117524147}, {'name': 'Anxiety', 'score': 0.09306719899177551}, {'name': 'Awe', 'score': 0.21203958988189697}, {'name': 'Awkwardness', 'score': 0.1800025999546051}, {'name': 'Boredom', 'score': 0.19454599916934967}, {'name': 'Calmness', 'score': 0.4028770327568054}, {'name': 'Concentration', 'score': 0.4102986454963684}, {'name': 'Contemplation', 'score': 0.23890067636966705}, {'name': 'Confusion', 'score': 0.26969754695892334}, {'name': 'Contempt', 'score': 0.14695709943771362}, {'name': 'Contentment', 'score': 0.21551622450351715}, {'name': 'Craving', 'score': 0.07714590430259705}, {'name': 'Determination', 'score': 0.13360260426998138}, {'name': 'Disappointment', 'score': 0.1521398425102234}, {'name': 'Disgust', 'score': 0.05773647502064705}, {'name': 'Distress', 'score': 0.10033546388149261}, {'name': 'Doubt', 'score': 0.2348805069923401}, {'name': 'Ecstasy', 'score': 0.06884214282035828}, {'name': 'Embarrassment', 'score': 0.0763435959815979}, {'name': 'Empathic Pain', 'score': 0.04831241816282272}, {'name': 'Entrancement', 'score': 0.18440097570419312}, {'name': 'Envy', 'score': 0.060998328030109406}, {'name': 'Excitement', 'score': 0.190958634018898}, {'name': 'Fear', 'score': 0.08883470296859741}, {'name': 'Guilt', 'score': 0.04826948046684265}, {'name': 'Horror', 'score': 0.04448951780796051}, {'name': 'Interest', 'score': 0.509067714214325}, {'name': 'Joy', 'score': 0.2792207896709442}, {'name': 'Love', 'score': 0.2558486759662628}, {'name': 'Nostalgia', 'score': 0.09843657910823822}, {'name': 'Pain', 'score': 0.05455375462770462}, {'name': 'Pride', 'score': 0.1298060119152069}, {'name': 'Realization', 'score': 0.20430119335651398}, {'name': 'Relief', 'score': 0.09911191463470459}, {'name': 'Romance', 'score': 0.09158358722925186}, {'name': 'Sadness', 'score': 0.09416872262954712}, {'name': 'Satisfaction', 'score': 0.2315363734960556}, {'name': 'Desire', 'score': 0.07412123680114746}, {'name': 'Shame', 'score': 0.04418015107512474}, {'name': 'Surprise (negative)', 'score': 0.05644840747117996}, {'name': 'Surprise (positive)', 'score': 0.08556478470563889}, {'name': 'Sympathy', 'score': 0.06590057909488678}, {'name': 'Tiredness', 'score': 0.10273447632789612}, {'name': 'Triumph', 'score': 0.07458239048719406}]}]}}"
